text,count
data not available,730
Data not available,15
"Buckwheat bread 15 g
Boiled egg 40 g
Milk 110 ml",14
Milk 250 ml,14
"Rice in soup 50 g
Pickle 30 g",9
"Cereal 100 g
Egg 55 g
Milk 250 ml",9
Bread 40 g,7
Fruit and vegetable pulp 400 g,7
"Meal replacement powder  50 g
Milk 250 ml",6
"Vegetable 150 g
Rice 100 g",5
Buckwheat noodles 100 g,5
"Steamed corn bun 120 g
Milk cereal with notoginseng powder 100 g",5
Steamed bread 100 g,5
"Sugar free cereal 40 g
Chia seed 8 g
Milk 200 ml",5
"Fruit and vegetable 150 g
Apple 77 g
Walnut 50 g
Red date 15 g
Chinese wolfberry 20 g",5
Protein powder 20 g,5
Apple 125 g,4
Egg 50 g,4
Pan fried bun 100 g,4
Orange 200 g,4
"Coffee 70 ml
Milk 100 ml",4
Noodles 100 g,4
"Rice 75 g
Vegetable 50 g",4
Milk 200 ml,4
Yogurt 205 g,4
Apple 200 g,4
Boiled egg 40 g,3
"Egg 61 g
Coarse grain steamed bread 140 g
Boiled vegetable 111 g",3
Apple 100g,3
Bread 50 g,3
"Egg 63 g
Coarse grain steamed bread 120 g
Boiled vegetable 120 g",3
Biscuit 5 g,3
"Egg 59 g
Coarse grain steamed bread 122 g
Boiled vegetable 105 g",3
"Egg 64 g
Coarse grain steamed bread 145 g
Boiled vegetable 103 g",3
"Egg 63 g
Coarse grain steamed bread 137 g
Boiled vegetable 107 g",3
Biscuit 10 g,3
"Egg 69 g
Coarse grain steamed bread 145 g
Boiled vegetable 102 g",3
Biscuit 15 g,3
"Egg 70 g
Coarse grain steamed bread 140 g
Boiled vegetable 103 g",3
Apple 50 g,3
"Sliced bread 100 g
Boiled egg 40 g",3
Milk 100 ml,3
Steamed vegetable bun 100 g,3
"Milk 195 ml
Cereal 35 g
Egg 50 g",3
"Buckwheat bread 100 g
Egg 50 g
Milk 200 g",3
Steamed twisted roll 100 g,3
"Milk 250 ml
Egg 50 g
Steamed bun 100 g",3
Yogurt 100 g,3
"Yogurt 100 g
Sweet potato 100 g",3
Whole wheat bread 40 g,3
"Egg 70 g
Black sesame and walnut cereal paste 300 ml",3
"Egg 70 g
Black sesame and walnut cereal paste 300 ml
Rye bread 50 g",3
Dumpling 160 g,3
"Noodles 100 g
Egg 50 g",3
"Steamed bun 50 g
Egg 50 g
Milk 100 ml",3
"Steamed vegetable bun 150 g
Egg 50 g",3
Vegetable soup 400 g,3
"Radish in pork soup 400 g
Vegetable 100 g
Rice 25 g",3
"Steamed bun 100 g
Egg 50 g
Sea cucumber 25 g",3
Shepherd's purse and pork stuffed dumpling 75 g,2
Kiwi fruit 30 g,2
Biscuit 20 g,2
Shepherd's purse and pork stuffed wonton 75 g,2
"Egg 62 g
Coarse grain steamed bread 126 g
Boiled vegetable 123 g",2
"Egg 62 g
Coarse grain steamed bread 140 g
Boiled vegetable 111 g",2
"Egg 62 g
Coarse grain steamed bread 136 g
Boiled vegetable 111 g",2
"Egg 70 g
Coarse grain steamed bread 136 g
Boiled vegetable 111 g",2
Bread 25 g,2
"Meal replacement powder  35 g
Milk 250 ml",2
"Meal replacement powder  35 g
Milk 200 ml",2
"Steamed bun 100 g
Milk cereal with notoginseng powder 100 g",2
Fried rice with egg 150 g,2
Orange 120 g,2
Candy  5 g,2
Milk 250ml,2
"Egg 64 g
Coarse grain steamed bread 130 g
Boiled vegetable 101 g",2
Bread 100 g,2
"Egg 58 g
Coarse grain steamed bread 140 g
Boiled  vegetable 111 g",2
"Egg 60 g
Coarse grain steamed bread 134 g
Boiled vegetable 102 g",2
"Egg 62 g
Coarse grain steamed bread 134 g
Boiled vegetable 102 g",2
"Egg 68 g
Coarse grain steamed bread 126 g
Boiled vegetable 123 g",2
"Egg 62 g
Coarse grain steamed bread 123 g
Boiled vegetable 122 g",2
"Egg 63 g
Coarse grain steamed bread 145 g
Boiled vegetable 107 g",2
"Braised pork with cauliflower 145 g
Shredded pork with cucumber 119 g
Braised radish 117 g
Coarse grain 130 g",2
"Egg 69 g
Coarse grain steamed bread 137 g
Boiled vegetable 107 g",2
"Egg 61 g
Coarse grain steamed bread 140 g
Boiled vegetable 107 g",2
"Egg 69 g
Coarse grain steamed bread 140 g
Boiled vegetable 111 g",2
"Steamed chicken nuggets with mushrooms 147 g
Minced pork with white gourd and carrot 135 g
Hangzhou cabbage 134 g
Coarse grain 135 g",2
"Egg 69 g
Coarse grain steamed bread 137 g
Boiled vegetable 103 g",2
"Egg 62 g
Coarse grain steamed bread 179 g
Boiled vegetable 109 g",2
Ginseng fruit 50 g,2
"Sliced bread 100 g
Poached egg 40 g",2
Grapefruit 50 g,2
"Sliced bread 100 g
Egg 40 g",2
Pitaya 100 g,2
"Rice 50 g
Yellow croaker 50 g
Vegetable 150 g",2
Vegetable noodles 400 g,2
"Vegetable and tofu soup 400 g
Steamed bread 100 g",2
Roast meat 20 g,2
Coffee 200 ml,2
"Sugar free cereal 40 g
Chia seed 8 g
Milk 200 ml
Kiwi fruit 50 g",2
Orange 50 g,2
Dumpling 150 g,2
"Soybean milk 250 ml
Egg 60 g
Steamed coarse grain bread 60 g",2
"Milk 250 ml
Boiled egg 60 g
Steamed coarse grain bread 60 g",2
Cucumber 100 g,2
"Yogurt 100 g
Sweet potato 70 g",2
Tomato 200 g,2
Apple 150 g,2
"Steamed vegetable bun 100 g
Egg 50 g",2
"Rice 50 g
Fish 40 g
Meatball 40 g
Vegetable 50 g",2
"Milk 220 ml
Egg 70 g
Black sesame and walnut cereal paste 300 ml",2
Wonton 300 g,2
"Milk 250 ml
Egg 50 g
Bread 100 g
Dendrobium candidum 25 ml
Peanut 50 g",2
"Rice 50 g
Vegetable 100 g",2
"Milk 200 ml
Egg 50 g
Buckwheat bread 50 g",2
"Egg 50 g
Steamed bun 100 g",2
"Duck 80g
Chinese cabbage 100g
Small pork rib soup 100ml
Rice 200 g",2
"Tofu skin rolls with minced pork 50 g
Vegetable 50 g
Shredded pork with cabbage 50 g
Rice 50 g",2
"Milk 100 ml
Egg 50 g
Steamed bun 50 g",2
"Egg 50 g
Milk 100 ml
Steamed bun 50 g",2
"Shrimp 50 g
Egg 50 g
Soup 100 g",2
"Noodles 100 g
Vegetable 150 g",2
"Steamed bun 50 g
Egg 50 g
Milk 250 g",2
"Chicken 50 g
Rice 80 g
Shrimp 50 g
Cucumber 50 g
Eggplant 50 g",2
"Wax gourd and egg roll 50 g
Shrimp 50 g
Rice 80 g
Chicken 50 g
Celery and smoked bean curd and carrot 50 g",2
"Shrimp 50 g
Steamed salted pork in wine 30 g
Fried egg with towel gourd 30 g
Cucumber 30 g
Vegetable 30 g",2
"Steamed salted pork in wine 20 g
Eggplant 30 g
Chicken nugget 30 g
Tomato and wax gourd soup 30 g
Rice 80 g
Shrimp 30 g",2
"Steamed bean curd roll 35 g
Sliced boiled pork 15 g
Duck egg 30 g
Fried egg with towel gourd 30 g
Green bean 25 g
Rice 80 g",2
"Steamed bun and pork floss 80 g
Egg 50 g
Milk 250 g",2
"Steamed bean curd roll 20 g
Sliced duck 20 g
Wax gourd and tomato 35 g
Rice 80 g
Eggplant 25 g
Steamed salted pork in wine 20 g",2
"Vegetable 30 g
Cucumber 15 g
Steamed salted pork in wine 15 g
Rice 80 g
Duck pieces 15 g",2
"Egg 50 g
Water 200 ml",2
Vegetable salad 150 g,2
Wonton 50 g,2
Fried noodles 100 g,2
Cake 50 g,2
Melon seed 20 g,2
"Steamed bun 100 g
Egg 50 g",2
"Milk 100 g
Cake 50 g",2
"Rice 100 g
Vegetable 100 g",2
Rice in soup 100 g,2
"Rice 25 g
Vegetable 100 g
Scrambled egg with tomato 120 g
Cucumber 100 g",2
"Pork rib and radish soup 400 g
Cabbage 100 g
Rice 25 g",2
"Pork soup 400 g
Vegetable 150 g
Rice 25 g",2
"Fish 300 g
Vegetable 100 g
Rice 25 g",2
"Cereal 50 g
Steamed corn bread 50 g",2
Steamed corn bread 100 g,2
"Rice 100 g
Dried wheat gluten with pork stuffing 100 g
Water bamboo 50 g",2
"Rice 100 g
Pomfret 75 g
Vegetable 50 g",2
"Rice 100 g
Sliced boiled chicken 75 g
Vegetable 50 g",2
"Rice 150 g
Green soybean,pickle and shredded pork 30 g
Cabbage and carrot 80 g
Chicken 125 g",2
"Coarse grain 100 g
Spinach 80 g
Tofu, red pepper and shredded pork 100 g
Cold bitter gourd and fungus in sauce 90 g
Braised pork in brown sauce  20 g",2
"Coarse grain 100 g
Vegetable 100 g
Bitter gourd 30 g
Beijing onion, red pepper and shredded pork 100 g
Shrimp and green bean 100 g",2
Steamed pork bun 120 g,2
Steamed pork bun 60 g,2
"Fish 100 g
Fried celery with dried bean curd 120 g
Rice 100 g",2
"Vegetable 200 g
Fish 80 g
Rice 100 g",2
"Water bamboo 60 g
Rice 100 g
Meatball 40 g
Shrimp 50 g",2
"Clam 60 g
Sword bean 100 g
Vegetable 70 g
Rice 100 g",2
"Garlic 60 g
Vegetable 100 g
Shrimp 50 g
Eel 60 g
Rice 100 g",2
"Spinach 100 g
Chicken leg 120 g
Fried vegetables 100 g
Rice 100 g",2
"Vegetable 100 g
Chicken nugget 100 g
Radish 50 g",2
"Spinach 100 g
Sword bean 100 g
Pork 200 g",2
"Coarse grain 100 g
Egg 55 g",2
"Fish soup 100 ml 
Braised sliced bean curd roll 50 g
Crown daisy 100 g",2
"Crown daisy 70 g
Fried vegetables 80 g
Minced pork steamed with egg  80 g
Rice 100 g",2
"Vegetable 134 g
Beef 53g
Cauliflower 134 g
Rice 100 g",2
"Steamed fish 100 g
Fried vegetable 100 g
Rice 100 g
Water bamboo and sliced pork 100 g",2
Buckwheat noodles with green vegetable,2
"Celery with dried bean curd 100 g
Eel 100 g
Cow tail soup 150 ml",2
"Mushroom and vegetable 100 g
Shredded pork with pickle and shredded bamboo shoots 120 g",2
"Millet porridge 100 ml
Steamed pork bun 60 g
Egg 55 g",2
"Yam 60 g
Tomato 55 g
Bone soup 100 ml
Fried shredded pork with garlic  100 g
Braised fish in brown sauce 120 g",2
"Spinach 100 g
Spotted silver carp and tofu soup 120 g
Sliced boiled chicken 150 g
Shredded beef with onion 100 g",2
"Cereal 20 g
Boiled egg 47 g
Coffee 70 ml
Milk 220 ml",2
"Rice 150 g
Vegetable 100 g
Sliced lotus root 50 g",1
Fried rice 100 g,1
Apple 70 g,1
"Rice 100 g
Spinach 150 g
Beef 15 g",1
"Rice 100 g
Vegetable 130 g
Beef 15 g",1
"Rice 100 g
Cabbage 150 g",1
"Rice 100 g
Vegetable 100 g
Fried egg 50 g",1
"Rice 100 g
Vegetable 150 g
Fish 15 g",1
"Rice 100 g
Yam 20g
Lettuce 25g
Pork 15 g",1
"Vegetable 150 g
Fish 50 g
Rice 100 g",1
"Vegetable 100 g
Rice 100 g
Lettuce 50 g",1
"Vegetable 150 g
Rice 50 g",1
"Cabbage 100 g
Rice 80 g
Sliced lotus root 20 g",1
"Vegetable 150 g
Rice 100 g
Egg 50 g",1
"Rice 70 g
Lettuce 100 g
Sliced lotus root 30 g
Pork 20 g",1
"Cabbage 100 g
Rice 80 g
Yam 10 g
Fish 100 g",1
"Vegetable 180 g
Rice 100 g
Egg 45 g",1
"Cabbage 100 g
Rice 70 g
Pork 60 g",1
"Vegetable 150 g
Rice 80 g
Carrot 10 g",1
"Vegetable 100 g
Rice 70 g
Egg 40 g
Carrot 100 g",1
"Cabbage 150 g
Rice 70 g
Fish 50 g",1
"Vegetable 200 g
Rice 100 g",1
"Vegetable 150 g
Rice 80 g",1
"Vegetable 150 g
Rice 100 g
Egg 40 g",1
"Rice 70 g
Vegetable 60 g",1
"Rice 80 g
Radish 100 g",1
"Radish 150 g
Rice 100 g",1
"Rice 70 g
Fish 100 g",1
"Rice 70 g
Cabbage 150 g
Pork 10 g",1
"Boiled egg 40 g 
Cucumber 100 g",1
"Vegetable stuffed steamed dumpling 50 g
Wax gourd and corn soup 200 g",1
"Buckwheat bread 20 g
Steamed egg custard 100 g
Tossed cucumber in sauce 150 g",1
"Buckwheat bread 30 g
Milk 110 ml",1
"Buckwheat bread 20 g
Crown daisy 100 g
Steamed egg 50 g",1
"Buckwheat bread 20 g
Pig feet 40 g
Crown daisy 150 g",1
Instant noodles 80 g,1
"Rice 50 g
Carrot and cauliflower 50 g
Fried sliced bean curd roll 100 g
Beef and potato 100 g",1
"Buckwheat rice 30 g
Sliced lotus root 50 g
Cauliflower 50 g
Cucumber 50 g
Fish 50 g
Chinese cabbage 50 g",1
"Steamed corn bun 50 g
Crown daisy 100 g
Tossed cucumber in sauce 100 g
Shepherd's purse wonton 100 g",1
"Shepherd's purse and pork stuffed dumpling 50 g
Cucumber 100 g
Crown daisy 100 g",1
"Shepherd's purse and pork stuffed dumpling 50 g
Bean sprout 100 g
Tossed cucumber in sauce 50 g",1
Boiled egg 50 g,1
"Shepherd's purse and pork stuffed dumpling 40 g
Bean sprout 100 g
Tossed cucumber in sauce 50 g
Crown daisy 50 g",1
"Buckwheat bread 15 g
Milk 110 ml",1
"Buckwheat bread 20 g
Cucumber 100 g
Kelp 50 g
Crab 50 g",1
"Buckwheat bread 40 g
Cucumber 100 g
Pig feet 30 g
Abalone 20 g",1
"Boiled egg 35 g
Buckwheat bread 17g
Milk 110 ml",1
"Shepherd's purse and pork stuffed dumpling 60 g
Crown daisy 100 g
Cucumber 100 g",1
"Shepherd's purse and pork stuffed dumpling 75 g
Crab 30 g
Crown daisy 100 g",1
"Boiled egg 40 g
Buckwheat bread 30 g
Milk 110 ml",1
Shepherd's purse and pork stuffed dumpling 80 g,1
"Boiled egg 40 g
Buckwheat bread 20 g
Milk 110 ml",1
Buckwheat noodles with pickle and shredded pork  50 g,1
"Buckwheat bread 50 g
Shrimp 100 g
Garlic and bean curd 100 g",1
"Boiled shrimp 50 g
Steamed hairtail 30 g
Garlic and bean curd 50 g",1
"Buckwheat bread 10 g
Pig feet 15 g
Garlic and bean curd 100 g
Sauteed cabbage with vinegar sauce 100 g",1
"Shepherd's purse pork stuffed dumpling 50 g
Chinese cabbage 100 g
Garlic and bean curd 50 g",1
"Buckwheat noodles 75 g
Pig feet 30 g
Fried asparagus 100 g",1
"Shepherd's purse pork stuffed dumpling 50 g
Pig feet 30 g
Asparagus 100 g",1
"Buckwheat noodles 50 g
Fried mushroom and asparagus 100 g
Pig feet 20 g",1
Vegetable 200 g,1
"Vegetable 200 g
Rice cake 15 g",1
"Corn 30 g
Sliced lotus root 30 g
Lettuce 30 g
Rice cake 30 g
Pork dumpling 15 g",1
"Buckwheat bread 15 g
Fish head soup 200 g",1
Milk 110 ml,1
Shepherd's purse pork wonton 75 g,1
"Buckwheat bread 50 g
Vegetable 200 g",1
"Shepherd's purse pork wonton 75 g
Fried vegetable 100 g",1
"Shepherd's purse pork wonton 75 g
Fried green vegetable 100 g",1
"Fried Chinese cabbage, black fungus and bean curd 100 g
Sweet and sour pork rib 50 g
Black carp 50 g",1
"Pork rib, carrot, vegetable and  rice 75 g",1
"Buckwheat bread 15 g
Boiled egg 40 g",1
"Steamed hairtail 100 g
Chinese cabbage 100 g",1
"Buckwheat noodles 100 g
Chinese cabbage and sliced carrot 50 g",1
"Buckwheat noodles 50 g
Steamed yellow croaker 80 g
Fried vegetable 100 g",1
"Vegetable 200 g
Sliced beef 30 g",1
Puff pastry 150 g,1
Shepherd's purse and pork stuffed wonton 150 g,1
"Puff pastry 50 g
Bean sprout 100 g
Braised pork in brown sauce 30 g",1
Shepherd's purse and pork stuffed wonton 60 g,1
"Coarse grain 125 g
Hangzhou cabbage 111 g
Yam corn and minced pork 106 g
Pork omelette 155 g",1
"Fried sliced pork with celery and ginkgo nut  134 g
Fried sliced pork with lettuce and carrot  113 g
Vegetable 116 g
Coarse grain 127 g",1
"Coarse grain 142 g
Mungbean sprout and green pepper 110 g
Braised shredded pork and cabbage 113 g
Fried slice pork with green pepper and mushroom  117 g",1
"Diced duck with lettuce and carrot 121 g
Fried sliced pork with green pepper and water bamboo  112 g
Vegetable 119 g
Coarse grain 129 g",1
"Grilled pork chop with scallion 108 g
Chinese cabbage 116 g
Minced pork with wax gourd 103 g
Coarse grain 129 g",1
"Sliced pork and Zucchini 139 g
Shredded pork with cucumber and carrot 109 g
Radish 113 g
Coarse grain 131 g",1
"Egg 63 g
Coarse grain steamed bread 132 g
Boiled vegetable	 135 g",1
"Boiled shrimp 96 g
Shredded pork with bitter gourd and carrot 108 g
Lettuce 112 g
Coarse grain 128 g",1
"Shredded pork with green pepper and beech mushroom  122 g
Minced pork with celery and carrot 111 g
Chinese cabbage and carrot 115 g
Coarse grain 136 g",1
"Egg 59 g
Coarse grain steamed bread 128 g
Boiled vegetable 105 g",1
"Pork stuffed green pepper 108 g
Minced pork with scallion oil and pumpkin  104 g
Vegetable 117 g
Coarse grain 121 g",1
"Brasied pork with cauliflower  135 g
Shredded pork and cucumber  107 g
Braised radish 107 g
Coarse grain 127 g",1
"Egg 68 g
Coarse grain steamed bread 132 g
Boiled vegetable 103 g",1
"Stewed pork rib with carrot  148 g
Steamed minced pork  with eggplant 105 g
Spinach 115 g
Coarse grain 129 g",1
"Braised pork with cauliflower  136 g
Shredded pork and cucumber  108 g
Braised radish 110 g
Coarse grain 139 g",1
"Steame bream 104 g
Steamed minced pork with eggplant 107 g
Spinach 110 g
Coarse grain 131 g",1
"Onion and sliced duck 133 g
Braised shredded pork and cabbage 138 g
Bean sprout and green pepper 119 g
Coarse grain 133 g",1
"Shepherd's purse stuffed pork meatball 117 g
Water bamboo, carrot and shredded pork 108 g
Leaf lettuce 105 g
Coarse grain 138 g",1
"Shredded pork in Beijing sauce 116 g
Minced pork and Zucchini  111 g
Scallion oil fried wax gourd 120 g
Coarse grain 142 g",1
"Braised pork with radish  147 g
Green pepper, yam and shredded chicken 108 g
Chinese cabbage 110 g
Coarse grain 140 g",1
"Sliced boiled duck 107 g
Shredded lettuce and shredded pork 129 g
Vegetable 118 g
Coarse grain 127 g",1
"Steamed corn stuffed pork meatball 108 g
Cauliflower, carrot and minced pork 103 g
Vegetable 111 g
Coarse grain 138 g",1
"Steamed pork rib with pumpkin  136 g
Hangzhou cabbage and minced pork 141 g
Cabbage 110 g
Coarse grain 136 g",1
"Sliced pork with king oyster mushroom and fungus 117 g
Fried minced pork with tomato and cabbage  127 g
Water spinach 108 g
Coarse grain 132 g",1
"Steamed chicken nugget with mushroom  137 g
Wax gourd， carrot and minced pork 148 g
Hangzhou cabbage 130 g
Coarse grain 131 g",1
"Shrimp and vegetable 127 g
Minced pork and eggplant 131 g
Vegetable 127 g
Coarse grain 133 g",1
"Steamed yam stuffed pork meatball 78 g
Green pepper, carrot and shredded pork 115 g
Hangzhou cabbage 127 g
Coarse grain 133 g",1
"Stuffed Bell Pepper with Meat 	114 g
Tomato Cabbage Pork Stir-Fry 	119 g
Lettuce 119 g
Coarse grain 135 g",1
"Egg 56 g
Coarse grain steamed bread 111 g
Boiled vegetable 128 g",1
"Green pepper, mushroom and sliced pork 158 g
Green bean sprouts and green pepper 100 g
Braised shredded pork and cabbage 101 g
Coarse grain 152 g",1
"Onion and shredded beef 164 g
Vegetable 112 g
Green pepper, water bamboo and shredded pork 126 g
Coarse grain 130 g",1
"Egg 57 g
Coarse grain steamed bread 127 g
Boiled vegetable 126 g",1
"Grilled pork chop with scallion 94 g
Sweet potato leaves 107 g
Wax gourd and minced pork 127 g
Coarse grain 142 g",1
"Boiled shrimp 95 g
Radish 119 g
Cucumber, carrot and shredded pork 121 g
Coarse grain 137 g",1
"Egg 59 g
Coarse grain steamed bread 116 g
Boiled vegetable 123 g",1
"Braised duck with tofu skin knot  169 g
Lettuce 112 g
Potato, bottle gourd, and shredded pork 132 g
Coarse grain 138 g",1
"Boiled chicken leg 93 g
Chinese cabbage and carrot 112 g
Towel gourd and shredded pork 106 g
Coarse grain 137 g",1
"Egg 59 g
Coarse grain steamed bread 120 g
Boiled vegetable 108 g",1
"Boiled shrimp 118 g
Vegetable 105 g
Cabbage, carrot and shredded pork 110 g
Coarse grain 142 g",1
"Egg 61 g
Coarse grain 123 g
Boiled vegetable 111 g",1
"Shepherd's purse meatball 107 g
Green pepper, yam and shredded chicken 117 g
Leaf lettuce 116 g
Coarse grain 134 g",1
Biscuit 40 g,1
"Shredded pork in Beijing sauce 154 g
Zucchini and shredded pork 125 g
Scallion oil fried wax goud 141 g
Coarse grain 142 g",1
"Egg 63 g
Coarse grain 118 g
Boiled vegetable 119 g",1
"Sweet broad bean, carrot and sliced pork 154 g
Cauliflower, carrot and shredded pork 125 g
Bean sprout and green pepper 113 g
Coarse grain 143 g",1
"Egg 62 g
Coarse grain 118 g
Boiled vegetable 128 g",1
"Steamed corn stuffed pork meatball 128 g
Cauliflower, fungus and shredded pork 131 g
Vegetable 136 g
Coarse grain 141 g",1
"Green pepper and shredded beef 149 g
Shredded lettuce and shredded pork 118 g
Cabbage 114 g
Coarse grain 141 g",1
"Egg 67 g
Coarse grain 127 g
Boiled vegetable 108 g",1
"Steamed mushroom and chicken nugget 122 g
Cabbage, tomato and shredded pork 114 g
Vegetable 106 g
Coarse grain 138 g",1
"Diced lotus root and pork meatball 107 g
Wax gourd, carrot and shredded pork 113 g
Hangzhou cabbage 110 g
Coarse grain 140 g",1
"Egg 55 g
Coarse grain 138 g
Boiled vegetable 114 g",1
"Shrimp and vegetable 127 g
Minced pork and eggplant 151 g
Vegetable 115 g
Coarse grain 133 g",1
"Steamed yam and pork meatball 100 g
Stir-fired Bottle gourd and shredded pork 128 g
Hangzhou cabbage 113 g
Coarse grain 146 g",1
"Egg 63 g
Coarse grain 142 g
Boiled vegetable 110 g",1
"Steamed pomfret 111 g
Tomato, cabbage and shredded pork 144 g
Lettuce 107 g
Coarse grain 137 g",1
"Braised pork meatball 125 g
Cauliflower, carrot and shredded pork 102 g
Cabbage 100 g
Coarse grain 131 g",1
"Egg 66 g
Coarse grain 122 g
Boiled vegetable 115 g",1
"Braised pork and tofu skin knot 159 g
Towel gourd, carrot and shredded pork 103 g
Leaf lettuce 111 g
Coarse grain 139 g",1
"Braised pork rib 172 g
Zucchini and shredded pork 146 g
Cabbage 113 g
Coarse grain 136 g",1
"Egg 68 g
Coarse grain steamed bread 129 g
Boiled vegetable 119 g",1
"Green pepper, mushroom and sliced pork 175 g
Braised shredded pork and cabbage 134 g
Bean sprout and green pepper 112 g
Coarse grain 288 g",1
"Onion and shredded beef 152 g
Green pepper, water bamboo and shredded pork 105 g
Vegetable 106 g
Coarse grain 283 g",1
"Egg 63 g
Coarse grain steamed bread 193 g
Boiled vegetable 125 g",1
"Roast pork rib with scallion 94 g
Shredded pork and wax gourd 139 g
Sweet potato leaves 112 g
Coarse grain 291 g",1
"Fried pig liver with green pepper  139 g
Cucumber, carrot and shredded pork 119 g
Radish 112 g
Coarse grain 223 g",1
"Egg 60 g
Coarse grain steamed bread 128 g
Boiled vegetable 116 g",1
"Braised pork rib 102 g
Celery and shredded pork 107 g 
Lettuce 118 g 
Coarse grain 289 g",1
"Boiled chicken leg 89 g
Stir-fired yam, fungus and shredded pork 119 g
Cabbage and carrot 120 g
Coarse grain 284 g",1
"Egg 64 g
Coarse grain steamed bread 127 g
Boiled vegetable 105 g",1
"Pork stuffed green pepper 133 g
Cabbage, carrot and shredded pork 119 g
Vegetable 115 g
Coarse grain 288 g",1
"Braised pork with califlower  137 g
Cucumber and shredded pork 108 g
Braised radish 120 g
Coarse grain 281 g",1
"Egg 72 g
Coarse grain steamed bread 136 g
Boiled vegetable 153 g",1
"Egg 62 g
Boiled vegetable 104 g
Coarse grain steamed bread 160 g",1
"Green pepper and chicken nugget 143 g
Cauliflower, fungus and shredded pork 137 g
Vegetable 116 g
Coarse grain 129 g",1
"Coarse grain 130 g
Green pepper and shredded pork 143 g
Cabbage 111 g
Lettuce and shredded pork 118 g",1
"Egg 62 g
Boiled vegetable 116 g
Coarse grain steamed bread 150 g",1
"Chicken nugget 115 g
Vegetable 126 g
Cabbage and shredded pork 137 g
Coarse grain 133 g",1
"Pork meatball 102 g
Wax goud and shredded pork 121 g
Hangzhou cabbage 144 g
Coarse grain 134 g",1
"Coarse grain steamed bread 126 g
Egg 69 g
Boiled vegetable 108 g",1
"Coarse grain steamed bread 131 g
Egg 61 g
Boiled vegetable 104 g",1
"Coarse grain 130 g
Braised pork with tofu skin knot 133 g
Celery and smoke bean curd 122 g
Vegetable 126 g",1
"Egg 60 g
Boiled vegetable 103 g
Coarse grain steamed bread 150 g",1
"Yam, sweet broad bean and sliced pork 154 g
Cauliflower and shredded pork 129 g
Fried cabbage 115 g
Coarse grain 225 g",1
"Egg 63 g
Boiled vegetable 108 g
Coarse grain steamed bread 130 g",1
"Fried crown daisy 105 g
Yam, corn and diced pork 130 g
Fungus, cucumber, egg and sliced pork 150 g
Coarse grain 288 g",1
"Coarse grain steamed bread 140 g
Egg 69 g
Boiled vegetable 147 g",1
"Sliced lotus root and chicken nugget 158 g
Boiled vegetable 120 g
Green pepper, shredded carrot and bean sprout 105 g
Coarse grain 282 g",1
"Green pepper and shredded pork 129 g
Vegetable 106 g
Mushroom and sliced pork 108 g
Coarse grain 283 g",1
"Coarse grain steamed bread 139 g
Egg 54 g
Boiled vegetable 139 g",1
"Braised pork rib 107 g
Wax gourd and shredded pork 139 g
Vegetable 138 g
Coarse grain 278 g",1
"Egg 72 g
Coarse grain steamed bread 179 g
Boiled vegetable 109 g",1
"Shepherd's purse meatball 106 g
Leaf lettuce 103 g
Green pepper, yam and shredded chicken 112 g
Coarse grain 234 g",1
"Shredded pork in Beijing sauce 194 g
Wax gourd with scallion oil  130 g
Zucchini and shredded pork 137 g
Coarse grain 229 g",1
"Egg 58 g
Coarse grain steamed bread 137 g
Boiled vegetable 	111 g",1
"Fried pork with Radish  	137 g
Chinese cabbage 119 g
Water bamboo, carrot and shredded pork 119 g
Coarse grain 233 g",1
"Boiled sliced duck 124 g
Bean sprout and green pepper 111 g
Sweet potato leaves and shredded pork 118 g
Coarse grain 234 g",1
"Egg 53 g
Coarse grain steamed bread 116 g
Boiled vegetable 123 g",1
"Steamed corn meatball 109 g
Vegetable 117 g
Cauliflower, fungus and shredded pork 121 g
Coarse grain 141 g",1
"Green pepper and shredded beef 156 g
Cabbage 113 g
Shredded lettuce and shredded pork 115 g
Coarse grain 227 g",1
"Egg 62 g
Coarse grain steamed bread 179 g
Boiled vegetable 111g",1
"Steamed chicken nugget with mushroom 146 g
Sweet potato leaves 105 g
Tomato, cabbage and shredded pork 131 g
Coarse grain 140 g",1
"Meatball with lotus root  103 g
Wax gourd, carrot and shredded pork 110 g
Hangzhou cabbage 116 g
Coarse grain 224 g",1
"Egg 58 g
Coarse grain steamed bread 137 g
Boiled vegetable 	103 g",1
"Braised radish and pork rib 185 g
Vegetable 130 g
Minced pork and eggplant 125 g
Coarse grain 240 g",1
"Egg 60 g
Boiled vegetable 114 g
Coarse grain steamed bread 150 g",1
"Green pepper and chicken nugget 132 g
Cauliflower, fungus and shredded pork 130 g
Vegetable 110 g
Coarse grain 221 g",1
"Coarse grain 225 g
Green pepper and shredded pork 129 g
Cabbage 103 g
Lettuce and shredded pork 103 g",1
"Egg 60 g
Boiled vegetable 104 g
Coarse grain steamed bread 141 g",1
"Chicken nugget 121 g
Vegetable 125 g
Cabbage and shredded pork 150 g
Coarse grain 241 g",1
"Coloured sweet pepper and duck 136 g
Wax gourd and shredded pork 126 g
Hangzhou cabbage 140 g
Coarse grain 216 g",1
"Coarse grain steamed bread 124 g
Egg 54 g
Boiled vegetable 101 g",1
"Egg 72 g
Coarse grain steamed bread 138 g
Boiled vegetable 124 g",1
"Pork stuffed egg roll 101 g
Coarase grain 134 g
Yam, fungus and shredded pork 106 g
Fried cabbage 115 g",1
"Coarse grain steamed bread 133 g
Egg 64 g
Boiled vegetable 108 g",1
"Coarase grain 131 g
Boiled shrimp 113 g
Fried chinese cabbage 107 g
Vegetable 112 g",1
"Coarase grain 135 g
Carrot, fungus and fish fillet 166 g
Cucumber, carrot and shredded pork 148 g
Sliced radish 112 g",1
"Boiled vegetable 112 g
Egg 63 g
Coarse grain steamed bread 140 g",1
"Carrot and pork rib 148 g
Minced pork and eggplant 112 g
Crown daisy 106 g
Coarase grain 130 g",1
"Fried pork with carrot  147 g
Chinese cabbage and shredded pork 124 g
Fried vegetable 116 g
Coarase grain 131 g",1
"Coarse grain steamed bread 133 g
Boiled vegetable 108 g
Egg 64 g",1
"Water bamboo and shredded pork 153 g
Vegetable 130 g
Braised pork 137 g
Coarase grain 150 g",1
"Coarse grain steamed bread 124 g
Boiled vegetable 108 g
Egg 70 g",1
"Stir-fried snow pea and sliced pork 134 g
Stir-fried green pepper and bean sprout 107 g
Cauliflower and shredded pork 119 g
Coarse grain 133 g",1
"Coarse grain steamed bread 161 g
Boiled vegetable 103 g
Egg 63 g",1
"Coarse grain 134 g
Chicken nugget 179 g
Vegetable 122 g 
Cauliflower, fungus and shredded pork 130 g",1
"Egg 58 g
Coarse grain steamed bread 136 g
Boiled vegetable 121 g",1
"Pork stuffed egg roll 118 g
Coarse grain 129 g
Yam, fungus and shredded pork 110 g 
Fried cabbage 125 g",1
"Coarse grain steamed bread 161 g
Egg 63 g
Boiled vegetable 116 g",1
"Coarse grain 138 g
Pork stuffed green pepper 130 g
Fried chinese cabbage 114 g
Green vegetable 124 g",1
"Boiled vegetable 110 g
Egg 63 g
Coarse grain steamed bread 130 g",1
"Braised pork rib with carrot  158 g
Minced pork and eggplant 124 g 
Crown daisy 110 g
Coarse grain 133 g",1
"Roast pork rib with scallion 122 g
Chinese cabbage and shredded pork 137 g
Fried vegetable 122 g
Coarse grain 130 g",1
"Coarse grain steamed bread 126 g
Boiled vegetable 118 g
Egg 63 g",1
"Braised pork with dried bean curd 50 g
Shredded pork with cabbage 50 g
Fried mushroom 50 g
Rice 10 g
Soybean milk 390 g",1
"Fried lettuce 60 g
Tofu skin 64 g
Fungus and yam porridge 150 g",1
"Sweet potato 123 g
Black fungus with vinegar 28 g
Boiled egg 42 g
Soybean milk 390 g",1
Radish 124 g,1
"Meal replacement powder 35 g
Milk 200 ml",1
"Luncheon meat 49 g
Preserved egg 57 g
Fried spinage 100 g
Fungus and yam porridge 150 g",1
"Soybean milk 290 ml
Sandwich 159 g",1
"Leaf lettuce 120 g
Steamed fish 60 g
Curry potato and chicken 75 g
Coarse grain 50 g",1
"Raddish 125 g
Apple 115 g",1
"Preserved egg and tofu 100 g
Black fungus with vinegar 20 g
Goose egg 30 g
Corn porridge 100 g
Soybean milk 290 ml",1
"Steamed fish 65 g
Fried fungus, yam and lettuce 75 g
Scrambled egg with leek and bean sprout 100 g",1
"Carrot soup 150 g
Coarse grain 50 g",1
Latte Coffee 200 ml,1
"Fried celery and cauliflower 120 g
Luncheon meat 25 g
Radish soup 150 g",1
"Bread 20 g
Egg 43 g
Ham 45 g
Soybean milk 290 ml
Vegetable with sauce 20 g",1
Orange 48 g,1
"Boiled shrimp 43 g
Fried Celery and cabbage 100 g
Fried tofu 100 g
Fungus and yam porridge 150 g",1
"Boiled egg 43 g
Corn porridge 100 g
Soybean milk 290 g
 Black fungus with vinegar 30 g",1
Raddish 105 g,1
"Boiled shrimp 42 g
Fried lettuce 60 g
Fried fungus and zucchini 100 g
Fungus and yam porridge 150 g",1
"Boiled egg 39 g
Soybean milk 290 g
Luncheon meat 45 g",1
"Wax gourd 100 g
Zucchini and sliced pork 100 g
Instant noodles 100 g",1
Coffee 350 ml,1
"Fried mushroom and green pepper 150 g
Fungus and yam porridge 150 g",1
"Boiled egg 40 g
Soybean milk 290 g
Luncheon meat 25 g 
Goose egg 45 g
Luncheon meat 25 g",1
"Boiled shrimp 30 g
Curry chicken 75 g
Coarse grain 60 g",1
"Boiled shrimp 25 g
Fried carrot, fungus and cabbage 120 g
Fried vegetable 125 g
Yam and fungus porridge 200 g",1
"Steamed vegetable bread 250 g
Soybean milk 290 g",1
"Chinese sauerkraut 250 g
Pig feet 8 g
Duck leg 20 g",1
Apple 90 g,1
Steamed vegetable stuffed dumpling 138 g,1
"Vegetable pancake 145 g
Soybean milk 290 g
Chinese cabbage and tofu soup 150 g",1
Latte coffee 480 ml,1
Taro 110 g,1
Apple 120 g,1
"Boiled sliced mutton 50 g
Braised duck with soy sauce 50 g
Fried leek,egg and bean sprout 100 g
Fried celery and cauliflower 100 g",1
"Taro 75 g
Soybean milk 290 g
Egg 44 g
Fungus porridge 100 g",1
"Red pepper fish fillets 200 g
Fried onion and muttion 50 g
Radish soup 200 g
Taro 74 g",1
"Scrambled egg with onion 75 g
Tofu 55 g
Taro 65 g
Radish soup 125 g",1
"Noodles with olive vegetable and pepper 130 g
Soybean milk 390 ml",1
"Fungus porridge 150 g
Fried vegetable 100 g
Scrambled egg with bean sprout and leek  100 g",1
"Egg 42 g
Luncheon meat 30 g
Bread 50 g
Soybean milk 390 ml",1
"Fried tofu 60 g
Fried cabbage and celery 100 g
Fried zucchini with ham sausage 100 g
Fungus porridge 150 g",1
"Red date and fungus porridge 150 g
Soybean milk 390 ml
Egg 40 g
Bread 70 g",1
"Raddish 140 g
Steamed taro 150 g",1
"Spinage 60 g
Chinese cabbage and tofu 100 g
Zucchini 60 g
Mutton 40 g
Red date and fungus porridge 150 g",1
"Red date and fungus porridge 150 g
Soybean milk 290 ml
Egg 43 g
Bread 67 g",1
"Chinese cabbage, fungus and dried bean curd 50 g
Kung Pao Chicken 100 g
Fried long bean with shredded pork 100 g
Coarse grain 75 g",1
"Steamed vegetable bun 105 g
Boiled egg 54 g",1
Boiled egg 60 g,1
"Lettuce, yam and fungus 100 g
Eggplant 100 g
Chinese cabbage and tofu soup 250 g
Coarse grain 50 g",1
"Dumpling 120 g
Soybean milk 390 ml",1
"Fried zucchini with shrimp and egg 120 g
Fried vegetable 100 g
Chinese cabbage and tofu soup 300 g",1
"Boiled egg 52 g
Bread 84 g
Soybean milk 390 ml",1
"Meal replacement powder  50 g
Milk 250 ml
Boiled egg 55 g",1
"Braised eggplant 120 g
Pork fried with garlic shoot 50 g
Stir-fried sliced lamb with scallion 50 g
Coarse grain 50 g",1
"Boiled dumpling 125 g
Boiled egg 55 g
Soybean milk 390 ml",1
"Meal replacement powder  50 g
Milk 250 ml
Boiled egg 53 g",1
"Bread 83 g
Egg 53 g
Soybean milk 390 ml",1
"Meal replacement powder  50 g
Milk 250 ml
Boiled egg 54 g",1
"Scrabled egg with tomato100 g
Mutton 40 g
Vegetable soup 300 g",1
"Boiled egg 54 g
Soybean milk 390 ml",1
Vegetarian dumpling 190 g,1
"Vegetarian dumpling 165 g
Boiled egg 52 g
Soybean milk 390 ml",1
"Boiled egg 52 g
Milk 250 ml
Bread 70 g",1
"Latte coffee 380 ml
Whole wheat bread with cheese 100 g",1
"Boiled egg 55 g
Vegetable salad 100 g
Latte coffee 280 ml",1
"Taro 100 g
Boiled egg 38g
Soybean milk 390 ml",1
"Scrabled egg with tomato75 g
Fried eggplant 75 g
Fried broad bean 125 g
Fried green vegetable 75 g",1
"Corn noodles 100 g
Boiled egg 40 g
Soybean milk 390 ml",1
"Boiled egg 90 g
Meal replacement powder  50 g
Matcha Latte 380 ml",1
"Taro 100 g
Egg 45 g
Soybean milk 390 ml",1
"Bread 90 g
Boiled egg 43 g
Matcha latte 200 ml",1
"Smoked fish 50 g
Sword bean 50 g
Red wine 60 g
Pan fried bun 80 g",1
"Steamed bun 120 g
Milk cereal 100 g",1
"Chicken leg 50 g
Vegetable 55 g
Bean sprout 25 g
Rice 100 g",1
"Coarse grain 87 g
Vegetable 52 g
Snakehead 50 g",1
"Croissants 80 g
Milk cereal 150 g",1
"Steamed yellow croaker 50 g
Vegetable 56 g
Tofu 20 g
Bullfrog 100 g
Steamed sponge cake 40 g",1
"Rice cake 100 g
Vegetable 50 g",1
"Croissants 80 g
Milk cereal with notoginseng powder 150 g",1
"Rice 100 g
Chicken nugget 50 g
Potato 58 g",1
"Coarse grain 50 g
Scrambled egg with tomato 50 g
Braised fish 50 g
Green vegetable 30 g",1
"Rice 50 g
Fried egg  80 g
Potato 50 g",1
"Corn 100 g
Fried egg  10 g
Potato 50 g",1
"Steamed corn bun 100 g
Stewed white fungus and  Chinese forest frog 100 g",1
"Dried sliced bean curd 50 g
Radish 30 g
Vegetable 30 g
Deep-fried chicken fillet 50 g
Rice 100 g",1
"Coarse grain 65 g
Scrambled egg with tomato 10 g
Braised fish 50 g
Broad bean 20 g
Shrimp 20 g",1
"Steamed bun 80 g
Stewed white fungus and  Chinese forest frog 100 g",1
"Bombay duck 50 g
Braised mutton 56 g
Scrambled egg with leek sprout  32 g
Shrimp 30 g
Bullfrog 35 g
Pan fried bun 50 g",1
"Coarse grain 100 g
Braised mutton 50 g
Broad bean 50 g
Shrimp 30 g",1
"Stuffed sticky rice ball 100 g
Deep-fried dough stick 50 g",1
"Coarse grain 137 g
Smoked fish 52 g
Braised mutton 58 g",1
"Seaweed pancake 50 g
Milk sugar 50 g",1
Mutton and buckwheat noodles 150 g,1
Salty biscuit 100 g,1
"Buckwheat noodles 200 g
Egg 50 g
Steamed bean curd roll 52 g",1
"Hairtail 25 g
Potato 20 g
Shrimp 10 g
Steamed gluten 15 g
Spring roll 50 g
Vegetable 18 g
Rice wine 50 g",1
"Bread 100 g
Chicken leg 50 g
Mashed potato 60 g",1
"Shrimp 50 g
Cauliflower 60 g
Fish 56 g
Beef 50 g
Dried radish 20 g",1
"Coarse grain 100 g
Vegetable 10 g
Smoked fish 55 g",1
"Rice wine 50 g
Taro 58 g
Spring roll 52 g
Chicken leg 54 g",1
"Bread 100 g
Milk cereal with notoginseng powder 100 g",1
"Spring roll 50 g
Steamed fish 100 g
Beef 55 g",1
"Broccoli 20 g
Mutton 80 g
Cuttlefish 50 g",1
"Bread 80 g
Milk cereal with notoginseng powder 100 g",1
"Bread 100 g
Smoked fish 30 g
Egg 50 g",1
"Coarse grain 50 g
Scrambled egg with cauliflower100 g
Pepper and potato 20 g",1
"Buckwheat noodles 150 g
Shrimp 50 g",1
"Shrimp 30 g
Dumpling 44 g
Pomfret 30 g
Tofu skin knot 50 g
Vegetable 20 g
White wine 50 g",1
"Pancake 100 g
Milk cereal with notoginseng powder 100 g",1
Steamed mushroom and vegetable stuffed bun 100 g,1
"Coarse grain 48 g
Shrimp and beef 50 g
Vegetable 50 g
Duck leg 50 g",1
"Fried egg 50 g
Beef 58 g
Vegetable 50 g
Rice 100 g
Apple 50 g",1
"Coarse grain 45 g
Shrimp 54 g
Duck neck 65 g
Garlic sprout 160 g",1
"Cashew nuts 5 g
Watermelon seeds 30 g",1
"Deep-fried dough stick 80 g
Salty soybean milk 120 g",1
"Stir-fried eel with hot oil 50 g
Yellow croker 20 g
Bombay duck 58 g
Taro 62 g
Potato and beef 65 g",1
"Vegetable 80 g
Chicken cutlet 102 g
Rice 100 g",1
"Pretzel 100 g
Coffee 100 g",1
"Coarse grain 93 g
Chicken nugget 50 g
Broad bean 52 g
Vegetable 55 g
Tofu 30 g",1
"Coarse grain 80 g
Chicken leg 30 g
Smoked fish 30 g",1
"Spiced sesame pancake 100 g
Sauced beef 80 g
Scrambled egg with tomato100 g",1
"Steamed bread 100 g
Egg 50 g",1
"Rice 100 g
Poached egg 50 g
Chicken leg 50 g",1
"Coarse grain 75 g
Stir fried pork, bamboo shoot, peanut with sauce 50 g
Scrambled egg with asparagus 58 g
Pomfret 30 g
Beef 20 g",1
"Coarse grain 162 g
Braised pomfret 98 g
Beef 33 g",1
Pretzel 50 g,1
"Coarse grain 95 g
Beef 22 g
Stir fried pork, bamboo shoot, peanut with sauce 20 g
Boiled egg 50 g",1
Seasame sweet dumpling 100 g,1
"Duck leg 80 g
Pancake 50 g
Vegetable 20 g
Egg 100 g
Rice wine 80 g
Smoked fish 50 g",1
"Coarse grain 56 g
Beef 22 g
Scrambled egg with cauliflower50 g
Stir fried pork, bamboo shoot, peanut with sauce 50 g",1
"Steamed bread 100 g
Milk cereal with notoginseng powder 100 g",1
"Beef, potato and rice 150 g
Egg and seaweed 50 g",1
"Buckwheat noodles 162 g
Scrambled egg with cauliflower 80 g
Braised beef 50 g
Dried bamboo shoot 20 g",1
"Steamed bread 110 g
Milk cereal with notoginseng powder 100 g
Seasame walnut powder 100 g",1
"Noodles 100 g
Poached egg 50 g
Duck meat 50 g",1
"Eel 80 g
Vegetable 50 g
Shrimp scrambled egg 100 g
Potato 50 g
Chicken feet 50 g
Chicken 50 g",1
"Steamed bread 110 g
Milk cereal with notoginseng powder 100 g",1
"Buckwheat noodles 142 g
Egg 48 g
Braised bamboo shoot 22 g
Beef 55 g",1
"Coarse grain 88 g
Braised mutton 20 g
Egg fried water bamboo 50 g
Fried celery with dried bean curd 20 g",1
"Steamed vegetable bread 80 g
Milk cereal with notoginseng powder 100 g",1
"Rice 100 g
Boiled egg 50 g
Steamed gluten and fungus 55 g
Fried chicken nugget with potato 58 g",1
"Egg 45 g
Bread 58 g
Coffee 100 g",1
"Coarse grain 95 g
Smoked fish 20 g
Bullfrog 50 g
Vegetable and bean curd 20 g",1
"Bread 60 g
Egg 45 g",1
"Coarse grain 95 g
Bullfrog 20 g
Potato 20 g
Vegetable 20 g
Kung Pao Chicken 30 g
Fried fungus with fish fillet 50 g",1
"Steamed bread 110 g
Milk cereal with notoginseng powder 110 g",1
"Coarse grain 102 g
Potato 35 g
Fish fillet 30 g
Steamed bean curd roll  50 g
Scrambled egg with tomato 25 g
Shrimp 10 g
Vegetable 10 g",1
"Coarse grain 80 g
Potato 25 g
Vegetable 15 g
Steamed bean curd roll  40 g
Shrimp 12 g",1
Bread 30 g,1
"Mushroom and tofu soup 100 ml
Shrimps 40 g
Roasted halibut 20 g
Cabbage 100 g
Winter bamboo shoot, water-chestnut and sausage 100 g",1
"Milk 200 ml
Oats 30 g
Sesame and nut 15g
Egg 40 g
Bread 60 g
Taro 40 g",1
"Noodles 50 g
Lettuce, shredded asparagus and fried vegetable soup 200 ml
Tofu skin knot 60 g
Pork rib 40 g",1
"Pork meatball and vermicelli soup 100 ml
Shrimp 30 g
Vegetable 50 g
Pig feet 40 g",1
Kiwi fruit 140 g,1
"Beef soup 200 ml
Pan fried dumpling 50 g",1
"Noodles soup 250 ml
Crab meat 100 g",1
"Yogurt 130 g
Nut 10 g
Blueberry 10 g",1
"Beef, oily bean curd and vermicelli soup 250 g
Fried celery with dried bean curd 20 g
Fried bamboo shoots 20 g
Roasted flatfish 30 g
Shrimp 30 g",1
"Milk and coffee 200 ml
Egg 55 g
Bread 60 g",1
"Curry rice 50 g
Shrimp 20 g",1
"Celery and sliced pork 60 g
Fried bamboo shoots 30 g
Vegetable 50 g
Shrimp 50 g
Beef, Oily bean curd and vermicelli soup 170 g",1
"Milk 200 ml
Egg 41 g
Taro 48 g
Rye bread 70 g",1
"Deep-fried spare ribs with spicy salt 60 g
Chinese cabbage 100 g
Potato and sword bean 100 g
Braised tofu with green bean 80 g
Rice 50 g
Sugar free yogurt 135 g",1
Kiwi 120 g,1
"Bamboo shoot soup with fresh and pickled streaky pork 160 g
Fried shrimp 80 g
Celery and smoked bean curd 80 g
Pea 50 g",1
"Milk 200 ml
Egg 43 g
Taro 63 g
Toast 75 g",1
"Cabbage 80 g
Cauliflower 60 g
Braised big pork meatball  60 g
Scrambled egg with tomato 100 g
Rice 50 g",1
"Celery and smoked bean curd 70 g
Taro 40 g
Pea 40 g
Dry-fried hairtail 70 g
Black fungus and bamboo shoot soup 130 g",1
"Milk 200 ml
Egg 40 g
Taro 50 g
Toast 60 g
Sesame and walnut 20 g",1
"Sauerkraut fish 100 g
Bean 50 g
Cabbage 100 g
Potato 30 g
Tofu soup 100 ml",1
"Spinach 100 g
Taro 50 g
Fried egg with leek 40 g
Hairtail 40 g
Chinese cabbage and pork meatball soup 150 g",1
"Milk 200 ml
Egg 40 g
Taro 30 g
Toast 50 g
Sesame and walnut 20 g",1
"Noodles 50 g
Shredded bamboo shoot and pickle 50 g
Lettuce 60 g
Celery and bean curd blade 100 g
Beef slice 100 g",1
"Celery and smoked bean curd 100 g
Shrimp 70 g
Pork pancake 30 g
Cabbage and meatball soup 200 g",1
"Wonton 50 g
Poached egg 50 g",1
"Fried halibut with celery 100 g
Stewed bamboo shoots 70 g
Boiled shrimp 100 g
Tofu skin knot 100 g",1
"Celery and smoked bean curd 100 g
Boiled shrimp 80 g
Fried egg with leek 50 g
Tomato and egg soup 200 g",1
"Poached egg 40 g
Toast 60 g
Coffee milk 200 ml",1
"River shrimp 100 g
White fish 200 g
Medicago polymorpha 100 g",1
"Chinese cabbage and potato soup 200 g
Boiled shrimp 50 g
Pizza 100 g
Roast pig feet 40 g",1
"Croissants 66 g
Egg 50 g
Taro 40 g
Coffee milk 200 ml",1
Chinese cabbage and rice cake 60 g,1
"Egg 35 g
Taro 50 g
Coffee milk 200 ml
Pizza 100 g",1
"Guangdong cabbage 100 g
Eggplant 50 g
Lettuce and fungus 100 g
Dried bamboo shoots with pork 100 g
Rice 50 g",1
"Braised fish 90 g
Broccoli 80 g
Vermicelli 70 g
Spinach and pork meatball soup 200 g",1
"Egg 38 g
Taro 50 g
Coffee milk 200 ml
Rye bread 95 g",1
"Mushroom and vegetable 100 g
Shrimp with pepper and salt 50 g
Fried fungus with broccoli 70 g
Yogurt 100 g
Oily bean curd and Chinese cabbage 50 g",1
"Celery and smoked bean curd 100 g
Agrocybe cylindracea 50 g
Lotus root 50 g
Pork rib soup with radish 200 g",1
"Egg 35 g
Bread 60 g
Lotus nut and lily soup 200 ml",1
"Celery and smoked bean curd 80 g
Dried cabbage 60 g
Cauliflower 50 g
Dry fried yellow croaker 100 g
Yogurt 100 g",1
"Tomato 40 g
Cucumber 60 g",1
"Boiled river shrimp 80 g
Cabbage 80 g
Pea 50 g
Roast pig's feet 30 g
Radish, fungus and pork rib soup 200 g",1
"Rice 100g
Cabbage 100g
Fried mushroom and vegetable 50g
Braised pork 27g
Fish 50g",1
"Rice 75g
Vegetable 100g
Fish 50g
Beef 20g",1
"Red bean and red date soup1 00g
Duck egg 60g",1
"Rice 50g
Crown daisy 50g
Scrambled egg with tomato 40g
Carrot, yam and pig feet soup 50g",1
Apple 70g,1
"Rice 50g
Cabbage 50g
Duck 20g
Carrot, yam and pig feet soup 50 g",1
"Red bean and red date 120 g
Duck egg 60g
Protein powder 15 g",1
"Vegetable 100g
Rice 100g
Steamed bean curd roll 50g
Apple 70g
Carrot, yam, bamboo shoot and pork soup 100g",1
"Vegetable 120g
Steamed bean curd roll 70g
Carrot, yam, bamboo shoot and pig feet soup 60 g",1
"Red bean and red date 120g
Duck egg 60g
Rice cake 20g",1
"Rice 100g
Cabbage 50g
Celery 50g
Shepherd’s purse and minced pork stuffed tofu skin 75g
Steamed egg 25g",1
"Rice 90g
Celery 90g
Shepherd’s purse and minced pork stuffed tofu skin 70g
Fish 20g
Steamed bean curd roll 25g",1
"Red bean and red date 100g
Duck egg 60g
Steamed pork dumplings 30g",1
Protein powder 24g,1
"Rice 70g
Garlic 50g
Vegetable 50g
Shrimp 50g",1
"Rice 90g
Garlic 60g
Vegetable 50g
Shrimp 50g
Cabbage 30g",1
"Red bean and red date 100g
Duck egg 60g
Rice cake 20g",1
"Rice 95g
Vegetable 60g
Bamboo shoot and shredded tofu skin 60g
Meatball 40g
Shrimp 19g",1
"Apple 150g
Sugar-fried chestnuts 50g",1
"Rice 90g
Vegetable 40g
Bamboo shoot and shredded tofu skin 60g
Meatball 29g
Tofu skin 42g
Cabbage 66g",1
"Red bean and red date 200g
Duck egg 60g
Steamed pork dumplings 30g",1
"Rice 100g
Beef and onion 70g
Vegetable 70g
Scrambled egg with tomato 60g
Pigeon soup 100g
Orange 100g",1
"Rice 50g
Beef and onion 50g
Vegetable 30g
Scrambled egg with tomato 47g
Pigeonsoup 100g",1
"Red bean and red date100g
Duck egg 60g
Steamed pork dumplings 30g",1
"Rice 80g
Vegetable 53g
Beef and onion 90g
Pigeon soup 80g
Pigeon 20g",1
"Rice 73g
Vegetable 40g
Beef and onion 70g
Pigeon 30g",1
"Red bean and red date soup 100g
Duck egg 60g
Taro 75g",1
"Rice 90g
Carrot, green pepper and sheredded pork 70g
Cabbage 60g
Fish soup 200g",1
"Steamed stuffed bun 50g
Apple 100g",1
"Noodles 100g
Fish soup 100g",1
"Red bean and red date soup 220g
Duck egg 60g
Steamed carrot stuffed bun 50g",1
"Rice 100g
Braised pork 40g
Needle mushroom 40g
Vegetable 60g",1
"Rice 90g
Vegetable 50g
Cabbage 30g
Roasted pigeon 50g",1
"Red bean and red date soup 230g
Duck egg 60g",1
Noodles soup with vegetable and pork 200g,1
"Orange150g
Cake 30g",1
Noodles soup with vegetable and pork  200g,1
"Red bean and red date soup 150g
Duck egg 74g
Steamed pork dumplings 30g",1
Kiwi fruit 100g,1
"Rice 97g
Celery 50g
Sword bean 50g
Needle mushroom 35g
Pork 40g",1
Noodles with vegetable 100g,1
"Red bean and red date soup 200g
Duck egg 70g
Steamed stuffed bun25g",1
"Wonton 360g
Roasted pigeon100g",1
Cherry 56g,1
"Noodles with vegetable 200g
Shrimp 20g
Roasted pigeon 100g",1
"Red bean and red date soup 160g
Duck egg 72g
Rice cake 60g",1
"Beef, Chicken and seafood 100g",1
"Shrimp 25 g
Medicago polymorpha 20 g
Rice 25 g",1
Steamed pork bun 50 g,1
"Steamed pork bun 25 g
Taro 40 g
6 Red dates 
Red bean 40 g
Egg 25 g",1
"Rice 40 g
Pigeon soup 100 g
Asparagus and medicago polymorpha 30 g",1
"Kiwi fruit 167 g
Orange 150 g",1
"Rice and steamed bun 104 g
Pigeon soup 100 g
Asparagus and cauliflower 20 g",1
"Sliced bread 43 g
Protein powder 20 g",1
"Red bean 100 g
6 Red dates
Egg 50 g",1
"Rice 110 g
Sea fish 100 g
Celery 40 g
Cauliflower 60 g",1
Kiwi fruit 160 g,1
Noodles with mushroom and minced pork  265 g,1
"Red bean 170 g
Bread 30 g
Egg 50 g",1
"Rice 100 g
Crucian carp 100 g
Soup 100 g
Asparagus and vegetable 100 g
Beef 50 g",1
"Rice 75 g
Crucian carp soup 100 g
Pumpkin pie 50 g
Beef and pig liver 30 g
Lettuce and vegetable 50 g",1
"Red bean and red date 150 g
Pumpkin pie 50 g
Egg 50 g",1
"Rice 60 g
Pork 70 g
Steamed bean curd roll  50 g
Vegetable 120 g
Shepherd's purse with tofu soup 60 g",1
Kiwi fruit 150 g,1
"Rice 70 g
Beef 40 g
Steamed bean curd roll  40 g
Vegetable 100 g",1
"Egg 60 g
Red bean 120 g
Sea cucumber 17 g
Pumpkin pie 30 g",1
"Protein powder 20 g
Orange 200 g",1
"Rice 78 g
Vegetable 125 g
Loach soup 120 g
Pork 25 g",1
"Porridge 103 g
Chinese cabbage 50 g
Steamed bean curd roll  103 g
Beef 40 g",1
"Red bean soup 150 g
Taro 75 g
Egg 50 g",1
"Loach soup 220 g
Rice 76 g
Vegetable 230 g
Mushroom 40 g
Pork rib soup 100 g",1
Protein powder 22 g,1
Loach soup 200 g,1
"Rice 75 g
Vegetable 130 g",1
"Taro 70 g
Red bean and red date 150 g
Sea cucumber 16 g
Egg 50 g",1
Loach soup 220 g,1
"Rice 75 g
Pork stuffed oil gluten 45 g
Shrimp 40 g
Spinach and celery 80 g",1
Kiwi fruit 78 g,1
"Rice 80 g
Vegetable 100 g
Pork stuffed oil gluten 47 g
Shrimp 40 g",1
"Egg 50 g
Taro 50 g
Red date and red bean 80 g",1
"Rice 50 g
Steamed egg 30 g",1
"Steamed pork bun 120 g
Egg 50 g
Red date and red bean 70 g",1
"Rice 70 g
Pigeon soup 40 g
Lettuce 90 g",1
"Steamed pork dumplings 42 g
Loach soup 200 g",1
"Peanut, red bean and red date soup 136 g
Egg 50 g
Steamed pork bun 80 g",1
"Loach soup 200 g
Dumpling 160 g",1
"Pickle noodles 260 g
Orange 200 g",1
"Red date and red bean 136 g
Egg 60 g",1
"Rice 83 g
Pork rib 51 g
Mushroom, chinese cabbage and sliced pork 70 g
Loach soup 200 g
Lettuce 30 g",1
"Rice 80 g
Scrambled egg with tomato   100 g
Loach soup 200 g
Orange 200 g",1
"Red bean and red date 180 g
Taro 68 g
Egg 57 g",1
"Loach soup 200 g
Rice 54 g
Steamed sea fish 40 g
Pork rib 36 g
Steamed egg 50 g",1
"Steamed pork bun 100 g
Cabbage 30 g
Fish 20 g
Loach soup 200 g",1
"Steamed bread 25 g
Egg 60 g",1
"Coarse grain 127g
Steamed minced meat with eggplant 109g
Chinese cabbage 101g
Braised pork ribs with carrot 109g",1
Steamed bread 38 g,1
"Steamed bread 40 g
Coarse grain 128g
Braised shredded pork and cabbage 10g
Green bean sprout and green pepper 121g
Fried sliced pork with green pepper and onion 60g",1
2 pieces of chocolate 93 g,1
"Coarse grain steamed bread 122g
Boiled vegetable 90g",1
"Coarse grain  127g
Shredded pork with carrot and water bamboo 50 g
Lettuce 119g
Shepherd's purse meatball 30g",1
Egg 51 g,1
"Coarse grain  125g
Minced meat with zucchini 105g
Winter melon with scallion oil 101g
Shredded pork in Beijing sauce 132g",1
"Coarse grain steamed bread 134g
Boiled vegetable 102g
Egg 60g",1
"Steamed bread 30g
Coarse grain 30g
Cabbage 55g",1
Bread 47 g,1
"Coarse grain 132g
Pumpkin 112g
Sliced boiled duck107g
Shredded lettuce and shredded pork129g",1
"Egg 67g
Coarse grain steamed bread 50g
Boiled vegetable 105g",1
"Coarse grain 100 g
Minced pork with Hangzhou cabbage 100  g
Vegetable 80 g
Steamed corn meatball 50 g",1
"Coarse grain 133 g 
Steamed pork ribs with pumpkin 130 g
Minced pork with cauliflower and carrot 116 g
Cabbage 125 g",1
Steamed bread 20 g,1
"Chocolate 42 g
Biscuit 100 g",1
"Coarse grain 129 g 
Minced meat with tomato and cabbage  50 g
Sweet potato leaves 116 g
Sliced pork with king oyster mushroom and fungus 115 g",1
Steamed bread 36 g,1
"Coarse grain 128 g
Hangzhou cabbage 124 g
Minced pork with white gourd and carrot 115 g
Sliced pork with king oyster mushroom and fungus 130 g",1
"Egg 84 g
Coarse grain steamed bread 120 g
Boiled vegetable 102 g",1
"Shrimp fried with vegetable 125 g
Minced pork with eggplant 134g
Green vegetable 115 g
Coarse grain 126 g",1
"Scrambled egg with tomato 140 g
Hangzhou cabbage 111 g
Diced pork fried with green pepper and carrot 104 g
Coarse grain 126 g",1
Chocolate 22 g,1
"Egg 61 g
Coarse grain steamed bread 134 g
Boiled vegetable 102 g",1
"Shredded pork with tomato and cabbage 117 g
Lettuce 121 g
Pork stuffed green pepper 84 g
Coarse grain 127 g",1
"Minced pork with cauliflower and carrot 118 g
Sliced pork with lettuce and water bamboo 103 g
Chinese cabbage 119 g
Coarse grain 133 g",1
"Egg 64 g
Coarse grain steamed bread 120 g
Boiled vegetable 102 g",1
beaf 250 g,1
"Steamed meat roll stuffed with cabbage 109 g
Shredded pork fried with bitter gourd and carrot 105 g
Lettuce 112 g
Coarse grain 127 g",1
"Milk candy 15 g
Soda biscuit 15 g",1
"Shredded pork with green pepper and white mushroom 111 g
Minced pork with celery and carrot 105 g
Chinese cabbage and carrot 116 g
Coarse grain 135 g",1
"Pork stuffed green pepper 121 g
Minced pork and pumpkin with scallion oil 109 g
Green vegetable 103 g
Coarse grain 122 g",1
"Stewed pork with cauliflower 143 g
Shredded pork with cucumber 100 g
Braised radish 103 g
Coarse grain 125 g",1
"Egg 60 g
Coarse grain steamed bread 134 g
Boiled vegetable 101 g",1
"Stewed pork chops with carrot 132 g
Steamed minced pork  with eggplant 111 g
Spinach 102 g
Coarse grain 133 g",1
"Sliced pork with cowpea and carrot 127 g
Braised shredded pork and cabbage110 g
Green bean sprout and green pepper 115 g
Coarse grain 129 g",1
"Shepherd's purse meatball 85 g
Water bamboo,carrot and shredded pork 123 g
Leaf lettuce 125 g
Coarse grain 131 g",1
"Shredded pork in Beijing sauce 146 g
Minced pork with zucchini 114 g
Radish with scallion oil  144 g
Coarse grain 139 g",1
"Eggs 64 g
Coarse grain steamed bread 103 g
Boiled vegetable 145 g",1
"Braised pork with radish 136 g
Shredded chicken with green pepper and yam 111 g
Chinese vegetable 123 g
Coarse grain 136 g",1
"Stewed beef brisket with tomato 118 g
Sliced duck with soy sauce 109 g
Stir-fried green vegetable 106 g
Shimeji mushroom stewed with tofu 105 g
Coarse grain 131 g",1
"Steamed chicken cubes  with mushroom 132 g
Salt and pepper shrimp 130 g
Fried egg with zucchini 123 g
Stir-fried leaf lettuce 123 g
Coarse grain 124 g",1
"Stir-fried pork with tofu skin 145 g
Shredded pork with towel gourd and carrot 123 g
Lettuce 120 g
Corase grain 136 g",1
"Stir fired prok rib 158 g
Shredded pork with zucchini 141 g
Cabbage 114 g
Coarse grain 136 g",1
"Egg 61g
Corase grain steamed bread
Boiled vegetable 107 g",1
"Steamed duck leg 103 g
Minced pork with cowpea 103 g
Vegetable 103 g
Coarse grain 135 g",1
Glucose 20g,1
"Stewed pork with cauliflower 132 g
Boiled radish 120 g
Sliced pork with cucumber 115 g
Coarse grain 136 g",1
"Egg 58 g
Steamed twisted roll 113 g
Pork floss 10 g",1
"Stewed egg with minced pork 152 g
Stir-fired shredded pork with shredded potato and carrot 114 g
Vegetable 115 g
Rice 300 g",1
"Braised hairtail 152 g
Scrambled egg with  zucchini 144 g
Shredded carrot and cabbage  108 g
Rice 233 g",1
"Egg 58 g
Steamed twisted roll 136 g
Pickles 25 g",1
"Orleans roasted chicken wing 98 g
Steamed crab with egg 100 g
Amaranth 95 g
Rice 252 g",1
"Braised duck with radish 160 g
Shredded pork with cucumber and carrot 144 g
Cabbage and carrot 127 g
Rice 246 g",1
"Egg 61 g
Steamed twisted roll 113 g
Pork floss 10 g",1
"Chinese cabbage fried with shredded pork and rice cake 359 g
Fried mushroom 110 g",1
"Soup of sea food 187 g
Shredded pork with cauliflower and fungus 127 g 
Green vegetable 124 g
Rice 258 g",1
"Egg 64 g
Steamed pumpkin bread 129 g
Pickles 25 g",1
"Boiled shrimp 82 g
Minced meat with wax gourd 132 g
Sweet potato leaves 103 g
Rice 271 g",1
"Marinated duck 120 g
Stir-fried shredded pork with green pepper and carrot 121 g
Braised radish 160 g
Rice 271 g",1
"Egg 62 g
Steamed vegetable bun 118 g
Pickles 25 g",1
"Diced meat with corn and green beans 160 g
Scrambled egg with tomato  163 g
Lettuce 100 g
Rice 246 g",1
"Coarse grain steamed bread 130 g
Boiled vegetable 101 g
Egg 64 g",1
"Coarse grain 131 g
Shredded pork with green pepper and  smoked bean curd  137 g
Cabbage 126 g
Braised pork with radish 156 g",1
"Coarse grain 13 1g
Pumpkin 110g
Sliced boiled duck 117 g
Shredded pork with lettuce 121 g",1
"Egg 65g
Coarse grain steamed bread 120 g
Boiled vegetable 102 g",1
"Coarse grain 130 g
Minced pork with Hangzhou cabbage  129 g
Vegetable 125 g
Steamed corn meatball 110g",1
"Coarse grain 237g
Steamed pork ribs with pumpkin 132g
Minced pork with cauliflower and carrot  113g
Cabbage 111g",1
"Egg 70 g
Coarse grain steamed bread 134 g
Boiled vegetable 102 g",1
"Coarse grain 252g
Minced pork with tomato and cabbage 122g
Sweet potato leaves 115g
Fried duck slices 111g",1
"Coarse grain 251g
Cabbage 121g
Minced pork with winter melon and carrot  126g
Steamed chicken nugget with mushroom 108g",1
"Braised pork with radish 136 g
Shredded pork with water bamboo and carrot 132 g
Chinese cabbage 109 g
Coarse grain 133 g",1
"Sliced boiled duck 109 g
Minced pork with sweet potato leaves 105 g
Green pepper with green bean sprouts 100 g
Coarse grain 138 g",1
"Egg 62 g
Coarse grain steamed bread 137 g
Boiled  vegetable 111 g",1
"Chicken nuggets with green pepper 60 g
Minced pork with cauliflower and  fungus 41 g
Green vegetable 21 g
Coarse grain 38 g",1
"Fried pork slices with chayote 130 g
Shredded pork with shredded lettuce 130 g
Cabbage 116 g
Coarse grain 136 g",1
"Egg 61 g
Coarse grain steamed bread 140 g
Boiled  vegetable 107 g",1
"Sliced pork with king oyster mushroom and fungus 117 g
Minced pork with tomato and cabbage 127 g
Sweet potato leaves 108 g
Coarse grain 132 g",1
"Steamed chicken nuggets with mushrooms 137 g
Minced pork with white gourd and carrot 148 g
Hangzhou cabbage 130 g
Coarse grain 131 g",1
"Shrimp fired with vegetable 140 g
Minced pork with eggplant 107g
Green vegetable 111 g
Coarse grain 137 g",1
"Steamed yam stuffing meat balls 113 g
Shredded pork with green pepper and carrot 122 g
Hangzhou cabbage 109 g
Coarse grain 133 g",1
"Steamed pomfret 105 g
Shredded pork with tomato and cabbage 138 g
Lettuce 105 g
Coarse grain 136 g",1
"Sliced pork with beech mushroom and carrot 125 g
Minced pork with cauliflower and carrot 102 g
Chinese cabbage 102 g
Coarse grain 136 g",1
"Egg 70 g
Coarse grain steamed bread 136 g
Boiled  vegetable 111 g",1
"Sliced pork with snow pea and yam 155 g
Shredded cabbage and carrot 122 g
Shredded pork with broccoli 131 g
Coarse grain 130 g",1
"Shredded pork in Beijing sauce 122 g
Winter melon with scallion oil 122 g
Minced pork with zucchini 102 g
Coarse grain 128 g",1
"Eggs 63 g
Coarse grain steamed bread 137 g
Boiled vegetable 107 g",1
"Coarse grain 219 g
Chinese cabbage 106 g
Shredded chicken with green pepper and yam 102 g
Steamed perch 123 g",1
"Sliced pork with celery and carrot 126 g
Shredded pork with lettuce 127 g
Vegetable 129 g
Coarse grain 222 g",1
"Coarse grain 215 g
Vegetable 107 g
Minced pork with cauliflower and carrot 102 g
Chicken nuggets with green pepper 146 g",1
"Steamed pork chops with radish 124 g
Minced pork with hangzhou cabbage 115 g
Cabbage 111 g
Coarse grain 267 g",1
"Coarse grain 273 g
Sweet potato leaves 111 g
Fried duck slices 131 g
Minced pork with tomato and cabbage 119 g",1
"Steamed chicken nuggets with mushrooms 118 g
Minced pork with white gourd and carrot 127 g
Hangzhou cabbage 117 g
Coarse grain 285 g",1
"Coarse grain 280 g
Minced pork with eggplant 112 g
Vegetable 108 g
Shrimp fried with vegetable 140 g",1
"Scrambled egg with tomato 162 g
Shredded pork with green pepper and carrot 116 g
Hangzhou cabbage 119 g
Coarse grain 281 g",1
"Coarse grain 282 g
Shredded pork with tomato and cabbage 116 g
Lettuce 112 g
Steamed pomfret 105 g",1
"Steamed chicken with mushrooms 111 g
Chinese cabbage 98 g
Minced pork with cauliflower and carrot 103 g
Coarse grain 284 g",1
"Egg 66 g
Coarse grain steamed bread 128 g
Boiled vegetable 105 g",1
"Coarse grain 281 g
Shredded pork with celery 104 g
Spinach 100 g
Steamed fish pieces 125 g",1
"Sliced pork with asparagus and fungus 103 g
Cabbage 102 g
Minced pork with cucumber 106 g
Coarse grain 287 g",1
"Egg 61 g
Coarse grain steamed bread 125 g
Boiled vegetable 102 g",1
"Coarse grain 278 g
Minced pork with cowpea 107 g
Green vegetables 113 g
Roasted crucian carp with scallion 139 g",1
"Sliced pork with snow pea and yam 131 g
Shredded cabbage and carrot 116 g
Shredded pork with broccoli 123 g
Coarse grain 280 g",1
"Coarse grain steamed bread  80 g
Cabbage 40 g
Egg 55 g",1
"Coarse grain 75 g
Green vegetables 100 g
Pork 40 g
Radish 20 g",1
"Coarse grain 60 g
Fish 40 g
Cabbage 40 g
Fried Chicken  with pepper 50 g",1
"Corn tortillas  50 g
Milk 200 ml
Eggs 50 g
Ginger slices 5 g",1
"Coarse grain 80 g
Cabbage 50 g
Fish 80 g",1
"Coarse grain 60g 
Cabbage 55 g
Carrot 20 g
Chicken 50 g
Bean curd blade 50 g",1
"Milk 150 ml 
Cereal 15 g  
Egg 50 g
Cucumber 50 g
Corn cake 74 g",1
"Vegetable 50 g
Shrimp 50 g
Chicken 50 g
Coarse grain 60 g",1
"Vegetable 50 g
Coarse grain cake 50 g
Chicken 50 g",1
"Celery  50 g
Cucumber  50 g
Egg  55 g
Corn cake 60 g",1
"Buckwheat bread 50 g
Vegetable 50 g
Scrambled egg with tomato 80 g",1
"Black rice 60 g
Lettuce 50 g
Tofu 40 g
Duck 50 g",1
"Buckwheat bread 50 g
Lettuce  50 g
Egg  50 g
Milk 250 mL",1
"Taro 50 g
Fish 50 g
Vegetable 50 g
Black rice 60 g",1
"Duck feet 50 g
Taro 50 g
Vegetable 50 g
Black rice 60 g",1
"Whole wheat bread 50 g
Egg 50 g
Cucumber 50 g
Cereal 40 g
Milk 150 mL",1
"Fish 50 g
Mushroom 50 g
Vegetable 50 g
Rice 60 g",1
"Cabbage 50 g
Green pepper 50 g
Shredded pork 50 g
Duck feet 50 g
Taro 50 g
Buckwheat bread 25 g",1
"Cucumber 50 g
Whole wheat bread 50 g
Egg 50 g
Cereal 40 g
Milk 150 ml",1
"Coarse grain 50 g
Vegetable 50 g
Radish 50 g
Duck 50 g",1
"Coarse grain 50 g
Celery 50 g
Bean curd blade 50 g
Duck wing 50 g",1
"Buckwheat bread 50 g
Cucumber 50 g
Egg 50 g
Vegetable 50 g",1
"Shredded chicken and vegetable 100 g
Buckwheat noodles 50 g",1
"Coarse grain 50 g
Cauliflower 50 g
Vegetable 50 g
Mushroom 50 g",1
"Konjak silk 50 g
Fish 50 g",1
"Whole wheat bread 50 g
Cabbage 50 g
Cucumber 50 g
Egg 50 g
Milk 150 ml",1
"Coarse grain steamed bread 50 g
Chicken 50 g
Vegetable 50 g
Seafood  50 g",1
"Coarse grain 50 g
Green vegetable 50 g
Eggplant 50 g
Fish 50 g
Pork 50 g",1
"Whole wheat bread 50 g
Cucumber 50 g
Egg 50 g
Pork  50 g
Milk 150 ml",1
"Buckwheat noodles 50 g
Vegetable 50 g
Pork 50 g",1
"Steamed corn meat ball 88 g
Minced pork with cauliflower and carrot 113 g
Vegetable 120 g
Coarse grain 129 g",1
"Braised duck with carrot 116 g
Minced pork with Hangzhou cabbage 130 g
Cabbage 126 g
Coarse grain 137 g",1
"Egg 64 g
Coarse grain steamed bread 134 g
Boiled vegetable 102 g",1
"Sliced pork with king oyster mushroom and fungus 134 g
Minced pork with tomato and cabbage 124 g
Sweet potato leaves 115g
Coarse grain 133g",1
"Steamed chicken with mushroom 127 g
Minced pork with white gourd and carrot 133 g
Hangzhou cabbage 116 g
Coarse grain 132 g",1
"Scrambled egg with tomato 152 g
Shredded pork with green pepper and carrot 102 g
Hangzhou cabbage 116 g
Coarse grain 132 g",1
"Egg 64 g
Coarse grain steamed bread 145 g
Boiled vegetable 123 g",1
"Pork stuffed green pepper102 g
Shredded pork with tomato and cabbage 119 g
Lettuce 122 g
Coarse grain 137 g",1
"Steamed chicken with mushroom 106 g
Minced pork with cauliflower and carrot 111 g
Chinese cabbage 111 g
Coarse grain 136 g",1
"Braised pork with tofu skin 117 g
Shredded pork with celery 113 g
Spinach 109 g
Coarse grain 139 g",1
"Sliced pork with lettuce and agaric 140 g
Shredded pork with cucumber 103 g
Cabbage 111 g
Coarse grain 138 g",1
A plate of pasta and an ice cream,1
"Sliced pork with snow pea and yam 110 g
Shredded pork with broccoli 117 g
Shredded cabbage and carrot 119 g
Coarse grain 134 g",1
"Egg 62 g
Coarse grain steamed bread 126 g
Boiled vegetable 96 g",1
"Fried fish slices with tomatoes 126 g
Minced pork with yam and corn 130 g
Hangzhou cabbage 131 g
Coarse grain 130 g",1
"Braised duck with radish 144 g
Shredded pork with lettuce and carrot 134 g
Vegetable 128 g
Coarse grain 130 g",1
"Egg 68 g
Coarse grain steamed bread 126 g
Boiled vegetable 122 g",1
"Sliced pork with green pepper and mushroom 107 g
Braised shredded pork and cabbage 125 g
Green pepper with green bean sprouts 110 g
Coarse grain 129 g",1
"Diced duck with lettuce and carrot 128 g
Shredded pork with green pepper and water bamboo 123 g
Vegetable 116 g
Coarse grain 136 g",1
"Roasted pork rib with scallion 95 g
Minced pork with white gourd 165 g
Chinese cabbage 114 g
Coarse grain 134 g",1
"Steamed chicken with scallion 113 g
Shredded pork with cucumber and carrot 119 g
Radish 121 g
Coarse grain 129 g",1
"Boiled river shrimp 75 g
Shredded pork with bottle gourd 144 g
Lettuce 128 g
Coarse grain 132 g",1
"Sliced duck with yam and tomato 141 g
Minced pork with celery and carrot 106 g
Chinese cabbage and carrot 106 g
Coarse grain 136 g",1
"Egg 61 g
Coarse grain steamed bread 105 g
Boiled vegetable 128 g",1
"Stir fried fish slices 127 g
Minced pork with pumpkin and scallion oil 118 g
Vegetable 124 g
Coarse grain 129 g",1
"Minced pork with cauliflower and carrot 117 g
Sliced pork with lettuce and water bamboo 106 g
Chinese cabbage 118 g
Coarse grain 198 g",1
"Egg 67 g
Coarse grain steamed bread 	128 g
Boiled vegetable 105 g",1
"Spinach 113 g
Shredd pork with celery 113 g
Braised pork with tofu skin 137 g
Coarse grain 203 g",1
"Sliced pork with lettuce and fungus 136 g
Minced pork with pumpkin and scallion oil 118 g
Cabbage 111 g
Coarse grain 209 g",1
"Egg 68 g
Coarse grain steamed bread 126 g
Boiled vegetable 105 g",1
"Braised duck slices with green pepper and onion 143 g
Vegetable 127 g
Minced pork with cowpea 103 g
Coarse grain 224 g",1
"Sliced pork with snow pea and yam 167 g
Shredded Chinese cabbage and carrot 135 g
Shredded pork with broccoli 119 g
Coarse grain 128 g",1
"Nut biscuit 66 g
Soda biscuit 14 g",1
"Meat roll stuffed with cabbage 102 g
Shredded pork with bottle gourd 143 g
Lettuce 124 g
Coarse grain 225 g",1
"Sliced duck with yam and tomato 146 g
Minced pork with celery and carrot 108 g
Chinese cabbage and carrot 124 g
Coarse grain 225 g",1
"Egg 64 g
Coarse grain steamed bread 	130 g
Boiled vegetable 105 g",1
"Stir fried fish slices 139 g
Minced pork with pumpkin and scallion oil 128 g
Vegetable 118 g
Coarse grain 225 g",1
"Braised pork with cauliflower 146 g
Shredded pork with cucumber 111 g
Braised radish 112 g
Coarse grain 225 g",1
"Braised pork chop with carrot 140 g
Steamed minced pork with eggplant 135 g
Spinach 128 g
Coarse grain 237 g",1
"Sliced boiled duck with onion 147 g
Braised shredded pork and cabbage 163 g
Green pepper with green bean sprouts 119 g
Coarse grain 212 g",1
"Egg 64 g
Coarse grain steamed bread 103 g
Boiled vegetable 145 g",1
"milk  150ml
steamed bread 200 g
Pigeon Egg 20 g",1
"Braised pork chops with carrot 144 g
Steamed minced pork with eggplant 134 g
Spinach 133 g
Coarse grain 133 g",1
"Sliced boiled duck with onion 147 g
Braised shredded pork and cabbage 162 g
Green pepper with green bean sprouts 111 g
Coarse grain 127 g",1
"Shepherd's purse meat ball 86 g
Shredded pork with water bamboo and carrot 126 g
Leaf lettuce 115 g
Coarse grain 127 g",1
"Shredded pork in Beijing sauce 156 g
Minced pork with zucchini 134 g
Fried wax gourd with scallion oil 132 g
Coarse grain 127 g",1
"Braised pork with radish 138 g
Shredded chicken with green pepper and yam 124 g
Chinese cabbage 117 g
Coarse grain 138 g",1
"Sliced boiled duck 119 g
Shredded pork with shredded lettuce 119 g
Vegetable 125 g
Coarse grain 230 g",1
"Egg 62 g
Coarse grain steamed bread 123 g
Boiled vegetable 123 g",1
"Steamed corn meatball 95 g
Minced pork with cauliflower and carrot 144 g
Vegetable 119 g
Coarse grain 137 g",1
"Stewed duck slices with carrot 131 g
Minced pork with Hangzhou cabbage 130 g
Cabbage 104 g
Coarse grain 137 g",1
"Sliced pork with king oyster mushroom and fungus 151 g
Minced pork with tomato and cabbage 120 g
Water spinach 113 g
Coarse grain 129 g",1
"Sliced pork with zucchini 152 g
Minced pork with white gourd and carrot 127 g
Hangzhou cabbage 133 g
Coarse grain 129 g",1
"Shrimp fried with vegetable 162 g
Minced pork with eggplant 130 g
Vegetable 129 g
Coarse grain 127 g",1
"Scrambled egg with tomato 138 g
Shredded pork with green pepper and carrot 125 g
Vegetable 142 g
Coarse grain 127 g",1
"Egg 63 g
Coarse grain steamed bread 132 g
Boiled vegetable 96 g",1
"Pork stuffed green pepper 104 g
Sliced pork with tomato and cabbage 113 g
Lettuce 113 g
Coarse grain 134 g",1
"Sliced pork with lettuce and water bamboo 130 g
Minced pork with broccoli and carrot 121 g
Chinese cabbage 119 g
Coarse grain 128 g",1
"Egg 62 g
Coarse grain steamed bread 126 g
Boiled vegetable 122 g",1
"Braised pork with tofu skin knot 140 g
Shredded pork with celery 120 g
Spinach 124 g
Coarse grain 129 g",1
"Sliced pork with asparagus and fungus 137 g
Shredded pork with cucumber 110 g
Cabbage 115 g
Coarse grain 129 g",1
"Stewed pork with cauliflower 149 g
Shredded pork with cucumber 113 g
Braised radish 109 g
Coarse grain 136 g",1
"Braised pork chops with carrot 144 g
Steamed minced pork with eggplant 134 g
Spinach 133 g
Coarse grain 226 g",1
"Sliced pork with cowpea and carrot 129 g
Fried shredded pork 146 g
Green pepper with green bean sprouts 119 g
Coarse grain 227 g",1
"Meat balls stuffed with shepherd's purse 86 g
Sliced pork with water bamboo and carrot 128 g
Leaf lettuce 112 g
Coarse grain 212 g",1
"Sliced pork with Beijing sauce 161 g
Minced pork with zucchini 130 g
White gourd with scallion oil 143 g
Coarse grain 212 g",1
"Braised pork with radish 143 g
Sliced chicken with green pepper and yam 109 g
Chinese cabbage 109 g
Coarse grain 223 g",1
"Sliced boiled duck 114 g
Sliced pork with lettuce 124 g
Green vegetable 129 g
Coarse grain 143 g",1
"Egg 63 g
Coarse grain steamed bread 123 g
Boiled vegetable 122 g",1
"Chicken nuggets with green pepper 136 g
Minced pork with cauliflower and carrot 126 g
Vegetable 113 g
Coarse grain 220 g",1
"Braised duck slices with carrot 125 g
Minced pork with hangzhou cabbage 140 g
Cabbage 107 g
Coarse grain 220 g",1
"Egg 69 g
Coarse grain steamed bread 145 g
Boiled vegetable 122 g",1
"Sliced pork with pleurotus eryngii and fungus 149 g
Minced pork with tomato and cabbage 124 g
Water spinach 112 g
Coarse grain 226 g",1
"Steamed chicken with mushrooms 141 g
Minced pork with white gourd and carrot 128 g
Hangzhou cabbage 134 g
Coarse grain 226 g",1
"Shrimp fried with vegetable 162 g
Minced pork with eggplant 131 g
Green vegetable 133 g
Coarse grain 212 g",1
"Steamed meatball stuffed with yam 68 g
Shredded pork with green pepper and carrot 125 g
Vegetable 143 g
Coarse grain 212 g",1
"Egg 59 g
Coarse grain steamed bread 130 g
Boiled vegetable 120 g",1
"Steamed pomfret 94 g
Shredded pork with tomato and cabbage 114 g
Lettuce 110 g
Coarse grain 226 g",1
"Steamed chicken nuggets with mushrooms 100 g
Minced pork with cauliflower and carrot 101 g
Chinese cabbage 121 g
Coarse grain 226 g",1
"Braised pork with tofu skin knot 151 g
Shredded pork with celery 120 g
Spinach 111 g
Coarse grain 220 g",1
"Sliced pork with asparagus and fungus 134 g
Shredded pork with cucumber 116 g
Cabbage 108 g
Coarse grain 221 g",1
"Braised duck slices with green pepper and onion 136 g
Minced pork with cowpea 111 g
Vegetable 116 g
Coarse grain 227 g",1
"Sliced pork with snow pea and yam 149 g
Shredded pork with broccoli 149 g
Shredded cabbage and carrot 135 g
Coarse grain 212 g",1
"Egg 61 g
Coarse grain steamed bread 145 g
Boiled vegetable 96 g",1
"Stir fried fish slices 152 g
Shredded pork with cucumber 114 g
Braised radish 119 g
Coarse grain 224 g",1
"Egg 62 g
Coarse grain steamed bread 140 g
Boiled vegetable 107 g",1
"Steamed bream 122 g
Steamed minced pork with eggplant 116 g
Amaranth 138 g
Coarse grain 227 g",1
"Sliced pork with cowpea and carrot 137 g
Braised shredded pork and cabbage 133 g
Hangzhou cabbage 103 g
Coarse grain 229 g",1
"Shepherd's purse meatball 101 g
Shredded chicken with yam and green pepper 107 g
Leaf lettuce 128 g
Coarse grain 227 g",1
"Braised pork chops with carrot 136 g
Steamed minced pork with eggplant 103 g
Spinach 122 g
Coarse grain 136 g",1
"Sliced duck with onion 143 g
Braised shredded pork and cabbage 141 g
Green pepper with green bean sprouts 119 g
Coarse grain 136 g",1
"Egg 69 g
Coarse grain steamed bread 140 g
Boiled vegetable 100 g",1
"Shepherd's purse meatball 112 g
Shredded pork with water bamboo and carrot 102 g
Leaf lettuce 116 g
Coarse grain 136 g",1
"Shredded pork in Beijing sauce 130 g
Minced pork with zucchini 123 g
Winter melon with scallion oil 117 g
Coarse grain 133 g",1
Fasting for medical examination,1
"Steamed herring pieces 111 g
Shredded chicken with green pepper and yam 118 g
Chinese cabbage 104 g
Coarse grain 132 g",1
"Sliced boiled duck 111 g
Shredded pork with shredded lettuce 133 g
Vegetable 120 g
Coarse grain 127 g",1
"Egg 69 g
Coarse grai steamed bread 140 g
Boiled vegetable 100 g",1
"Chicken nuggets with green pepper 114 g
Minced pork with cauliflower and carrot 113 g
Vegetable 117 g
Coarse grain 138 g",1
"Steamed pork chops with pumpkin 136 g
Minced pork and Hangzhou cabbage 136 g
Cabbage 116 g
Coarse grain 136 g",1
"Sliced pork with king oyster mushroom and fungus 123 g
Minced pork with tomato and cabbage 125 g
Water spinach 114 g
Coarse grain 131 g",1
"Steamed chicken with mushrooms 154 g
Minced pork with white gourd and carrot 146 g
Hangzhou cabbage 147 g
Coarse grain 135 g",1
"Shrimp fried with vegetables 127 g
Minced pork with eggplant 132 g
Vegetable 120 g
Coarse grain 133 g",1
"Scrambled egg with tomato 243 g
Shredded pork with green pepper and carrot 111 g
Hangzhou cabbage 127 g
Coarse grain 136 g",1
"Egg 69 g
Coarse grain steamed bread 137 g
Boiled vegetable 100 g",1
"Steamed pomfret 72 g
Shredded pork with tomato and cabbage 124 g
Lettuce 115 g
Coarse grain 131 g",1
"Steamed chicken with mushrooms 120 g
Minced pork with cauliflower and carrot 120 g
Chinese cabbage 125 g
Coarse grain 131 g",1
"Sliced pork with sweet broad pea and yam 130 g
Shredded pork with broccoli 124 g
Shredded Chinese cabbage and carrot 113 g
Coarse grain 138 g",1
"Egg 62 g
Coarse grain steamed bread 136 g
 Boiled vegetable 100 g",1
"Stir-fried pork with egg and fungus 125 g
Minced pork with yam and corn 125 g
Amaranth 118 g
Coarse grain 136 g",1
"Sliced pork with celery and ginkgo nut 141 g
Shredded pork with lettuce and carrot 117 g
Vegetable 101 g
Coarse grain 132 g",1
"Egg 70 g
Coarse grain steamed bread 136 g
 Boiled vegetable 111 g",1
"Sliced pork with green pepper and mushroom 141 g
Braised shredded pork and cabbage 104 g
Green pepper with green bean sprouts 115 g
Coarse grain 130 g",1
"Sliced pork with bitter gourd 148 g
Shredded pork with green pepper and water bamboo 147 g
Vegetable 128 g
Coarse grain 134 g",1
"Egg 62 g
Coarse grain steamed bread 136 g
 Boiled vegetable 111 g",1
"Roast pork rib with scallion 119 g
Minced pork with white gourd 152 g
Chinese cabbage 120 g
Coarse grain 133 g",1
"Sliced pork with zucchini 136 g
Shredded pork with cucumber and carrot 128 g
Radish 130 g
Coarse grain 133 g",1
"Egg 62 g
Coarse grain steamed bread 136 g
 Boiled vegetable 103 g",1
"Fried duck breast with shimeji mushroom 135 g
Shredded pork with bottle gourd 132 g
Lettuce 119 g
Coarse grain 135 g",1
"Egg 70 g
Coarse grain steamed bread 136 g
Boiled vegetable 103 g",1
"Braised pork chops with carrot 140 g
Steamed minced pork with eggplant 117 g
Amaranth 108 g
Coarse grain 137 g",1
"Braised pork with tofu skin knot 118 g
Shredded pork with towel gourd and carrot 112 g
Leaf lettuce 110 g
Coarse grain 285 g",1
"Sliced pork with asparagus and fungus 133 g
Sliced pork with cucumber and carrot 130 g
Cabbage 114 g
Coarse grain 321 g",1
"Braised sliced duck with green pepper and onion 121 g
Minced pork with cowpea 127 g
Vegetable 107 g
Coarse grain 286 g",1
"Sliced pork with sweet broad pea and yam 149 g
Shredded pork with broccoli 149 g
Shredded Chinese cabbage and carrot 135 g
Coarse grain 212 g",1
"Fried fish slices with tomatoes 111 g
Minced pork with yam and corn 103 g
Amaranth 111g
Coarse grain 251 g",1
"Braised eggs and small meat balls 154 g
Shredded pork with lettuce and fungus 137 g
Cabbage and carrot 128 g
Coarse grain 295 g",1
"Egg 70 g
Coarse grain steamed bread 140 g
Boiled vegetable 107 g",1
"Sliced pork with green pepper and mushroom 120 g
Braised shredded pork and cabbage 105 g
Green pepper with green bean sprouts 110 g
Coarse grain 265 g",1
"Sliced pork with bitter gourd 137 g
Shredded pork with green pepper and water bamboo 131 g
Vegetable 129 g
Coarse grain 275 g",1
"Egg 61 g
Coarse grain steamed bread 136 g
Boiled vegetable 111 g",1
"Steamed chicken with scallion 116 g
Minced pork and white gourd 127 g
Sweet potato leaves 105 g
Coarse grain 275 g",1
"Fried duck breast with Chinese wolfberry 144 g
Shredded pork with cucumber and carrot 121 g
Radish 127 g
Coarse grain 275 g",1
"Egg 58 g
Coarse grain steamed bread 140 g
Boiled vegetable 111 g",1
Noodles with shredded pork and preserved vegetable 120 g,1
"Shrimp 100 g
Celery with smoked bean curd 100 g
Fish 100 g
Peanut 100 g",1
"Steamed bun 60 g
Egg 55 g
Milk 185 ml",1
Vegetable and rice 100 g,1
"Shrimp 50 g
Vegetable 100 g
Rice 50 g
Chicken 50 g
Spinach 50 g",1
"Milk 185 ml
Egg 55 g
Sweet potato 60 g",1
Rice noodles in sour soup 120 g,1
"Vegetable 100 g
Duck blood 100 g
Vermicelli 50 g
Rice 50 g",1
"Egg 55 g
Taro 60 g",1
"Steamed small meat dumpling in basket 40 g
Wonton 100 g",1
"Cauliflower 100 g
Vegetable 100 g
Pork bone and radish soup 200 g
Coarse grain rice 50 g",1
"Egg 55 g
Milk 185 ml
Multigrain porridge 100 g",1
Leek dumplings 300 g,1
"Tofu 100 g
Vegetable 100 g
Beef 100 g
Duck 50 g",1
"Milk 185 ml
Egg 55 g
Cereal 100 g",1
"Vegetable 100 g
Pepper and Smoked bean curd 100 g
Pork ribs and yam soup 200 g
Rice 50 g",1
"Spinach 100 g
Braised pork rib 100 g
Coarse grain 100 g",1
"Milk 185 ml
Egg 55 g
Steamed corn bun 100 g",1
"Bone soup 200 g
Spinach 100 g
Celery and smoked bean curd 100 g
Rice 50 g",1
"Rice 50 g
Pork bone soup 200 g
Vegetable 200 g
Lotus root and pork 100 g",1
"Egg 55 g
Cereal 200 g",1
"Sword bean and potato 100 g
Dry-fried cauliflower 100 g
Boiled beef 100 g
Rice 50 g",1
"Spinach 100 g
Salted chicken 100 g
Coarse grain 50 g
Laver soup 100 g",1
"Egg 55 g
Sweet potato 100 g
Taro 100 g",1
Duck and vermicelli soup 300 g,1
"Shredded potato 100 g
Vegetable 100 g
Salted chicken 50 g
Coarse grain 50 g",1
"Egg 55 g
Milk 200 ml
Multigrain porridge 100 g",1
"Eight treasures in hot sauce 100 g
Chinese cabbage in soup 100 g
Rice 30 g",1
Vegetable and pork stuffed wonton 300 g,1
"Buckwheat noodles 200 g
Egg 55 g",1
Steamed small meat dumpling in basket 50 g,1
Beef hotpot 400 g,1
"Cereal 100 g
Milk 200 ml
Egg 55 g",1
"Coarse grain 100 g
Soybean and smoked bean curd 100 g
Salted chicken 50 g",1
"Cereal 100 g
Milk 200 ml
Egg 55 g
Orange 60 g",1
"Vegetable 100 g
Coarse grain 100 g
Duck blood 100 g",1
"Coarse grain 100 g
Braised pork 50 g
Salted chicken 50 g
Vegetable 100 g",1
"Egg 55 g
Multigrain porridge 150 g",1
"Spinach 100 g
Shredded potato  100 g
Sausage 30 g
Scrambled egg 50 g
Coarse grain 100 g",1
"Coarse grain 150 g
Vegetable 100 g
Shredded potato with green pepper 100 g
Egg soup 100 g",1
"Egg 55 g
Buckwheat noodles 150 g",1
"Sliced pork with lettuce and water bamboo 127 g
Minced pork with broccoli and carrot 121 g
Chinese cabbage 114 g
Coarse grain 131 g",1
"Steamed fish cubes 106 g
Shredded pork with celery 116 g
Spinach 112 g
Coarse grain 129 g",1
Tomato 36 g,1
"Sliced pork with asparagus and fungus 128 g
Shredded pork with cucumber 111 g
Cabbage 109 g",1
"Biscuit 40 g
Coke 250 mL",1
"Braised duck slices with green pepper and onion 142 g
Minced pork with cowpea 107 g
Vegetable 111 g
Coarse grain 131 g",1
"Braised chicken with water bamboo and carrot 160 g
Shredded pork with broccoli 149 g
Shredded cabbage and carrot 131 g
Coarse grain 129 g",1
"Egg 62 g
Coarse grain steamed bread 145 g
Boiled vegetable 102 g",1
"Stir-fried pork with egg and fungus 144 g
Minced pork with yam and corn 142 g
Hangzhou cabbage 120 g
Coarse grain 220 g",1
"Sliced pork with celery and ginkgo nut 149 g
Shredded pork with lettuce and carrot 128 g
Hangzhou cabbage 140 g
Coarse grain 212 g",1
"Egg 62 g
Coarse grain steamed bread 136 g
Boiled vegetable 103 g",1
"Braised pork chops with carrot 145 g
Steamed minced pork with eggplant 102 g
Spinach 105 g
Coarse grain 138 g",1
"Sliced boiled duck with onion 138 g
Braised shredded pork and cabbage 137 g
Green pepper with green bean sprouts 116 g
Coarse grain 132 g",1
"Egg 58 g
Coarse grain steamed bread 137 g
Boiled vegetable 103 g",1
"Shepherd's purse meatball 111 g
Shredded pork with water bamboo and carrot 106 g
Leaf lettuce 111 g
Coarse grain 136 g",1
"Fried egg-and starch coated chicken slices 116 g
Minced pork with zucchini 118 g
Winter melon with scallion oil 115 g
Coarse grain 134 g",1
"Braised pork with radish 122 g
Shredded chicken with green pepper and yam 122 g
Chinese cabbage 109 g
Coarse grain 132 g",1
"Sliced pork with celery and carrot 136 g
Shredded lettuce and pork 125 g
Vegetable 125 g
Coarse grain 137 g",1
"Egg 62 g
Coarse grain steamed bread 137 g
Boiled vegetable 103 g",1
"Corn meatball 113 g
Minced pork with cauliflower and carrot 109 g
Vegetable 103 g
Coarse grain 140 g",1
"Steamed pork chops with pumpkin 132 g
Minced pork with hangzhou cabbage 136 g
Cabbage 112 g
Coarse grain 132 g",1
"Sliced pork with king oyster mushroom and fungus 119 g
Minced pork fried with tomato and cabbage  122 g
Water spinach 111 g
Coarse grain 135 g",1
"Egg 62 g
Coarse grain steamed bread 140 g
Boiled vegetable 103 g",1
"Braised pork chops with radish 143 g
Minced pork with eggplant 146 g
Vegetable 122 g
Coarse grain 136 g",1
"Steamed meat balls stuffed with yam 78 g
Sliced pork with green pepper and carrot 109 g
Hangzhou cabbage 122 g
Coarse grain 132 g",1
"Egg 70 g
Coarse grain steamed bread 140 g
Boiled vegetable 100 g",1
"Shredded pork in Beijing sauce 144 g
Minced pork with zucchini 126 g
Winter melon with scallion oil 124 g
Coarse grain 234 g",1
"Steamed perch pieces 124 g
Shredded pork with water bamboo and carrot 114 g
Chinese cabbage 108 g
Coarse grain 228 g",1
"Sliced boiled duck 116 g
Minced pork with sweet potato leaves 116 g
Green pepper with green bean sprouts 104 g
Coarse grain 220 g",1
"Egg 61g
Coarse grain steamed bread 136 g
Boiled vegetable 100 g",1
"Steamed corn meatball 71 g
Minced pork with cauliflower and fungus 128 g
Vegetable 116 g
Coarse grain 227 g",1
"Diced duck fried with water bamboo 149 g
Shredded pork and shredded lettuce 167 g
Cabbage 111 g
Coarse grain 228 g",1
"Sliced pork with king oyster mushroom and fungus 134 g
Minced pork with cabbage and tomato 109 g
Sweet potato leaves 103 g
Coarse grain 228 g",1
"Steamed chicken nuggets with mushrooms 98 g
Minced pork with white gourd and carrot 105 g
Hangzhou cabbage 111 g
Coarse grain 226 g",1
"Steamed perch pieces 101 g
Shredded pork with water bamboo and carrot 117 g
Chinese cabbage 104 g
Coarse grain 137 g",1
"Sliced boiled duck 99 g
Minced pork with sweet potato leaves 103 g
Green pepper fried with green bean sprouts 107 g
Coarse grain 136 g",1
"Chicken nuggets with green pepper 160 g
Minced pork with cauliflower and fungus 134 g
Vegetable 126 g
Coarse grain 132 g",1
"Diced duck with water bamboo, green bean and carrot 138 g
Shredded pork and lettuce 143 g
Cabbage 111 g
Coarse grain 132 g",1
"Egg 62 g
Coarse grain steamed bread 137 g
Boiled vegetable  111 g",1
"Sliced pork with king oyster mushroom and fungus 119 g
Minced pork with tomato and cabbage 122 g
Sweet potato leaves 111 g
Coarse grain 135 g",1
"Egg 70 g
Coarse grain steamed bread 137 g
Boiled vegetable 103 g",1
"Braised pork chops with radish 156 g
Minced pork with eggplant 111 g
Vegetable 119 g
Coarse grain 133 g",1
"Steamed meat balls stuffed with yam 120 g
Shredded pork with green pepper and carrot 117 g
Hangzhou cabbage 115 g
Coarse grain 133 g",1
"Egg 70 g
Coarse grain steamed bread 140 g
Boiled vegetable 111 g",1
"Stewed pork with cauliflower 132 g
Boiled radish 120 g
Shredded pork with cucumber 115 g
Coarse grain 136 g",1
"Egg 61 g
Coarse grain steamed bread 127 g
Boiled vegetable 123 g",1
"Braised pork chops with radish 194 g
Cabbage 123 g
Steamed minced pork with eggplant 101 g
Coarse grain 145 g",1
"Scallion grilled chops 131 g
Hangzhou cabbage 102 g
Braised shredded pork and cabbage 116 g
Coarse grain 142 g",1
"Egg 61 g
Coarse grain steamed bread 120 g
Boiled vegetable 111 g",1
"Shepherd's purse meatball 104 g
Leaf lettuce 113 g
Shredded chicken with green pepper and yam 103 g
Coarse grain 143 g",1
"Shredded pork in Beijing sauce 80 g
Winter melon with scallion oil 50 g
Shredded pork with zucchini 50 g
Coarse grain 30 g",1
"Egg 53 g
Coarse grain steamed bread 120 g
Boiled vegetable 140 g",1
"Steamed perch pieces 101 g
Chinese cabbage 119 g
Shredded pork with water bamboo and carrot 121 g
Coarse grain 139 g",1
"Sliced pork with snow pea and carrot 128 g
Green pepper with green bean sprouts 119 g
Shredded pork with sweet potato leaves 136 g
Coarse grain 149 g",1
"Egg 53 g
Coarse grain steamed bread 124 g
Boiled vegetable 123 g",1
"Steamed corn meatball 100 g
Vegetable 115 g
Shredded pork with cauliflower and fungus 125 g
Coarse grain 142 g",1
"Shredded beef with green pepper 175 g
Cabbage 105 g
Shredded pork and lettuce 133 g
Coarse grain 137 g",1
"Egg 69 g
Coarse grain steamed bread 125 g
Boiled vegetable 96 g",1
"Coarse grain 133 g
Hangzhou cabbage 110 g
Minced pork with yam and corn  107 g
Fried fish slices with tomatoes 133 g",1
"Braised duck with radish 132 g
Shredded pork with lettuce and carrot 115 g
Vegetable 111 g
Coarse grain 135 g",1
"Coarse grain 141 g
Green pepper with green bean sprouts 104 g
Braised shredded pork and cabbage 123 g
Chicken with lotus root and celery 155 g",1
"Diced duck with lettuce and carrot 120 g
Shredded pork with green pepper and water bamboo 111 g
Vegetable 120 g
Coarse grain 135 g",1
"Roast pork rib with scallion 108 g
Chinese cabbage 113 g
Minced pork and white gourd 106 g
Coarse grain 130 g",1
"Steamed chicken with scallion 109 g
Shredded pork with cucumber and carrot 109 g
Radish 113 g
Coarse grain 133 g",1
"Egg 64 g
Coarse grain steamed bread 132 g
Boiled vegetable 122 g",1
"Steamed pork roll stuffed with cabbage 92 g
Shredded pork with bitter gourd and carrot  111 g
Lettuce 111 g
Coarse grain 130 g",1
"Sliced duck with yam and tomato 152 g
Minced pork with celery and carrot 107 g
Chinese cabbage and carrot 112 g
Coarse grain 136 g",1
"Egg 64 g
Coarse grain steamed bread 123 g
Boiled vegetable 122 g",1
"Stir fried fish fillet with cucumber and fungus 149 g
Minced pork fried with pumpkin and scallion 111 g
Vegetable 108 g
Coarse grain 130 g",1
"Braised chicken with corn 103 g
Shredded pork with cucumber 107 g
Braised radish 108 g
Coarse grain 129 g",1
"Egg 61 g
Coarse grain steamed bread 125 g
Boiled vegetable 96 g",1
"Stewed pork chops with carrot 152 g
Steamed minced pork  with eggplant 113 g
Spinach 111 g
Coarse grain 128 g",1
"Sliced pork with carrot and cowpea 111 g
Braised shredded pork and cabbage 115 g
Green pepper with green bean sprouts 107 g
Coarse grain 136 g",1
"Egg 80 g
Coarse grain steamed bread 126 g
Boiled vegetable 135 g",1
"Braised herring cubes 114 g
Shredded pork with  water bamboo and carrot 126 g
Leaf lettuce 119 g
Coarse grain 134 g",1
"Fried dough twist 40 g
Milk 800 mL",1
Glucose 20 g,1
"Egg 62 g
Coarse grain steamed bread 144 g
Boiled vegetable 109 g",1
"Steamed pork chops with carrot 170 g
Water spinach 110 g
Steamed minced pork with eggplant  142 g
Coarse grain 137 g",1
"Scallion grilled chops 125 g
Water spinach 105 g
Braised shredded pork and cabbage 125 g
Coarse grain 144 g",1
"Egg 62 g
Coarse grain steamed bread 129 g
Boiled vegetable 124 g",1
"Shepherd's purse meatball 109 g
Leaf lettuce 111 g
Shredded chicken with green pepper and yam 104 g
Coarse grain 143 g",1
"Shredded pork in Beijing sauce 128 g
Wax gourd with scallion oil 179 g
Shredded pork with zucchini 179 g
Coarse grain 191 g",1
Fried dough twist 40 g,1
"Steamed perch pieces 102 g
Chinese cabbage 104 g
Shredded pork with water bamboo and carrot 111 g
Coarse grain 138 g",1
"Sliced boiled duck 114 g
Green pepper with green bean sprouts 103 g
Shredded with sweet potato leaves  106 g
Coarse grain 141 g",1
"Lettuce with chicken 162 g
Vegetable 114 g
Shredded pork with cauliflower and fungus 125 g
Coarse grain 137 g",1
"Shredded beef with green pepper 147 g
Cabbage 112 g
Shredded pork with lettuce  123 g
Coarse grain 139 g",1
"Egg 61 g
Coarse grain steamed bread 127 g
Boiled vegetable 128 g",1
"Braised fish belly 146 g
Sweet potato leaves 108 g
Shredded pork with tomato and cabbage 123 g
Coarse grain 233 g",1
"Diced pork meatballs with lotus root 101 g
Shredded pork with white gourd and carrot 103 g
Hangzhou cabbage 107 g
Coarse grain 148 g",1
"Egg 53 g
Coarse grain steamed bread 179 g
Boiled vegetable 128 g",1
"Noodles in soup 100 g
Pork 50 g",1
"Vegetable and rice 50 g 
Shrimp 25 g
Mushroom and lettuce soup 100 g",1
"Shrimp 100 g
Rice 50 g
Braised pork with bamboo shoot 50 g",1
Noodles in vegetable soup 100 g,1
"Bacon, vegetable and rice 100 g
Tomato and egg soup 50 g",1
"Wonton 100 g
Steamed bean curd roll 25 g",1
"Hairy crab 150 g
Cauliflower 200 g",1
"Fish fillet 100 g
Steamed bean curd roll  25 g
Steamed rice cake 50 g",1
Steamed rice cake 100 g,1
"Rice 50 g
Cauliflower 50 g
Roast duck 50 g",1
"Instant noodles 100 g
Hairy crab 150 g",1
"Boiled egg 40 g
Sliced bread 100 g",1
"Shepherd's purse and pork stuffed sweet dumpling 100 g
Hairy crab 150 g",1
"Steamed beef bun 50 g
Grapefruit 50 g",1
"Cabbage 50 g
Steamed small meat dumpling in basket 50 g",1
Beef fried bun 50 g,1
"Boiled egg 40 g
Sesame paste cereal 100 g",1
"Cauliflower 150 g
Rice 50 g
Yellow croaker 50 g",1
"Rice 50 g
Cauliflower 100 g
Spiced beef 40 g
Pig claw and soybean soup 50 g",1
"Black rice 75 g
Pig claw soybean soup 100 g
Mushroom and cabbage 100 g",1
Fruit 50g,1
"Cabbage noodles 100 g
Mushroom 50 g",1
Shepherd's purse and pork stuffed sweet dumpling 75 g,1
"Black rice 100 g
Pig claw and soybean soup 100 g
Mushroom 50 g",1
Pitaya 50 g,1
"Meatball and vermicelli soup 100 g
Steamed beef bun 50 g
Shrimp 50 g",1
"Coarse grain bread 50 g
Soymilk 50 g",1
Taro soup 250 g,1
"Rice 50 g
Dried bean 50 g
Chicken 50 g
Soybean soup 100 g
Vegetable 150 g",1
"Rice 50 g
Cabbage 150 g
Chicken leg 100 g",1
"Vermicelli soup 100 g
Shrimp 100 g
Braised tofu 50 g",1
"Rice 50 g
Vermicelli and meatball soup 100 g
Chicken leg 100 g",1
"White fungus soup 100g
Poached egg 80 g",1
"Vegetable noodle soup 100 g
Chicken leg 75 g",1
"Rice 50 g
Mushroom 50 g
Vegetable 50 g
Egg soup 50 g
Shrimp 50 g",1
Vegetable noodles 300 g,1
"Steamed bread 200 g
Cabbage 150 g
Black rice porridge 200 g",1
Radish noodles 400 g,1
"Steamed bread 200 g
Millet and black rice porridge 10 g
Eggplant 150 g",1
Radish noodles 450 g,1
"Steamed bun 200 g
Noodles soup 150 g
Onion 100 g",1
Noodles 400 g,1
"Tofu cabbage soup 300 g
Steamed bread 150 g",1
Vegetable and tofu stuffed dumpling 400g,1
Vegetable and tofu stuffed dumpling 400 g,1
Vegetable noodles 450 g,1
"Vegetable and tofu stuffed dumpling 450 g
Steamed bread 100 g",1
Vegetable and tofu stuffed dumpling 450 g,1
"Vegetable noodles 200 g
Steamed bread 200 g",1
"Steamed bun 100 g
Lettuce 100 g",1
"Bread 300 g
Steamed bun 150 g",1
"Chicken meatballs 25 g
Vegetable noodles 400 g",1
"Steamed vegetable bun 60 g
Vegetable noodles 450 g",1
Cabbage and radish and bean sprouts and chicken meatball 500 g,1
"Steamed vegetable bun 300 g
Tofu pudding 250 g",1
Cabbage noodles 550 g,1
"Noodles 500 g
Steamed bun 100 g
Bean sprout 100 g",1
Noodles 400g,1
"Rice 500 g
Zucchini 15 g
Lettuce 15 g
Chicken 10 g",1
"Steamed bun 200 g
Noodles 100 g
Fish 100 g",1
"Steamed bun 200 g
Radish 20 g",1
"Rice 300 g
Goose egg white 30 g
Fungus and yam 150 g
Fish 15 g",1
Steamed vegetable and mushroom stuffed bun 180 g,1
"Steamed vegetable bun 60 g
Vegetable noodles 300 g",1
"Cauliflower 150 g
Beef 60 g
Rice 400 g",1
"Vegetable noodles 400 g
Fish 15 g
Cauliflower 25 g",1
"Meal replacement powder 75 g
Water 200 g",1
"Cowpea 50 g
Beef 50 g
Chicken leg 200 g",1
Redoxon 200 ml,1
"Bamboo shoot 20 g
Bottle gourd 30 g
Tomato 20 g
Duck meat 30 g",1
"Meal replacement powder 75g
Water 200 ml",1
"Cereal 20 g
Milk 150 ml",1
"Broccoli 20 g
Eggplant 30 g
Diced chicken breast 50 g",1
"Roast meat 100 g
Beef tongue 50 g
Pickles 50 g
King oyster mushroom 25 g
Lettuce 25 g",1
"Beef noodles 200 g
Eggs 50 g",1
Coffee 150 ml,1
"Crayfish 250 g
Bean curd stick 15 g
Quail eggs 20 g
Lettuce 10 g
Chiba tofu 15 g",1
"Sugar free cereal 40 g
Chia Seed 8 g
Milk 200 ml",1
"Coffee 200 ml
Milk 100 ml",1
"Salmon 30 g
Vegetables 50 g
Coffee 200 ml",1
"Cereal milk 200 ml
Vegetable 100 g",1
"Broccoli 50 g
Radish 30 g
Braised pork in brown sauce 50 g",1
"Cereal 40 g
Milk 200 ml
Natto 30 g",1
"Steamed pork patty with egg 50 g
Chinese cabbage 50 g
Steamed gluten 50 g",1
"Sugar free cereal 40 g
Chia Seed 8 g
Milk 200 ml
Kiwi fruit 50 g",1
"Bamboo shoot 30 g
Shrimp and tofu 40 g
Tomato 120 g
Strawberry 25 g",1
"Shrimp 120 g
Shredded pork and dried bean curd 80 g
Poached egg 100 g",1
Peach 50 g,1
"Boiled egg 50 g
Cereal milk 200ml",1
"Vegetable 50g
Roasted salmon 100g
Salmon 50g
Sweet shrimp 50g",1
Grapefruit 480 g,1
"Milk 200 ml
Steamed stuffed bun 60 g",1
"Duck legs 150 g
Tofu and cabbage and egg 150 g",1
"Egg 50 g
Kiwi fruit 50 g
Broccoli 80 g",1
"Cereal 30g
Milk 100ml
Egg 50 g",1
"Corn 20 g
Fried chicken legs 50 g
Squid 10 g
Pork 20 g
Sausage 10 g",1
Crayfish 750 g,1
"Rice 50 g
Soup 80 g",1
"Pork chop 100 g
Amaranth 100 g
Lettuce 50 g
Tomato and egg soup 50g 
Rice 80 g",1
"Pork chop 100 g
Amaranth 100 g
Lettuce 50 g
Tomato and egg soup 50 g
Rice  80 g",1
"Rice 100 g
Pork floss 30 g
Salted duck egg 25 g",1
"Rice 100 g
Fried lettuce 50 g
Pigeon soup 80 g",1
"Rice 50 g
Porridge 50ml
Stewed pork in brown sauce200 g
Bamboo shoots 50 g
Fried lettuce 50 g
Pigeon soup 50 ml",1
"Rice in soup 80 g
Braised pork with dried bamboo shoots 50 g",1
"Rice 100 g
Pomfret 50 g
Broad bean 60 g
Fried pork with dried bamboo shoots 50 g
Vegetable 100 g",1
"Rice 100 g
Boiled egg 50 g
Dried bamboo shoot 50 g",1
"Rice 100 g
Tofu skin rolls with minced pork 80 g
Shredded potato 50 g
Vegetable 50 g
Pomfret 30 g
Egg soup 50 g",1
"Rice 80 g
Pork chop 100 g
Green pepper and tofu 60 g
Broad bean 50 g
Braised pork with dried bamboo shoot 30 g",1
"Rice 80 g
Boiled egg 50 g
Pork floss 20 g",1
"Rice 80 g
River shrimp 50 g
Broad bean 80 g
Bamboo shoot and pork chop 60 g
Cabbage in chicken soup 50 g",1
"Rice 80 g
River shrimp 30 g
Pork floss 20 g
Braised pork with dried bamboo shoot 50 g",1
"Rice 80 g
Boiled egg 50 g
Pork floss 30 g",1
"Braised pork with dried bamboo shoot 50 g
Amaranth 60 g
Broad bean 80 g",1
"Pork chop 50 g
Hairtail 60 g
Vegetable 80 g",1
"Lily soup 80 g
Rice cake 50 g",1
"Rice 80 g
Vegetable 60 g
Hairtail 60 g
Steamed egg 50 g
Braised bamboo shoot 50 g",1
"Dried bean curd 50 g
Sliced potato and sword bean 60 g
Roast duck 60 g
Celery 60 g
Rice 60 g
White gourd and tomato soup 50 g",1
"Pan-fried dumplings 150 g
Steamed pork dumplings 140 g",1
"Fried rice 200 g
Tofu 50 g
Meat 150 g",1
"Buckwheat steamed bread 200 g
Hairtail 50 g",1
"Double cooked pork 90 g
Rice 100 g",1
"Buckwheat bread 200 g
Dried radish 80 g
Boiled cuttlefish 90 g
Cucumber 200 g",1
"Rice 100 g
Chicken leg 160 g
Vermicelli 40 g
Fried diced pork with carrot and potato 80 g",1
"Cucumber 200 g
Egg 100 g
Steamed twisted roll 100 g",1
Salted pancake 200 g,1
"Beef noodles 250 g
Marinated egg 50 g",1
"Buckwheat bread 100 g
Red sausage 120 g",1
Mutton fried noodles 250 g,1
"Buckwheat bread 250 g
Corn 100 g
Chicken soup 200 ml",1
"Corn 200 g
Rice in soup 50 g",1
"Rice 25 g
Soup 50 g
Green vegetable and tofu skin knot and fungus 100 g",1
"Milk 195 ml
Cereal 50 g
Egg 50 g",1
Peach 160 g,1
"Kelp, tofu skin knot, rice in salted soup 100g
Orange 50 g
Tomato 200 g",1
"Rice 25g
Preserved egg 50 g
Egg soup, water spinach and broad bean 140g",1
"Milk 195 ml
Cereal 25 g
Kelp knot 8 g
Pumpkin and  water spinach 40 g
Rye flour cake 50 g",1
"Rice in salted soup 100 g
Vegetable 70 g",1
"Peach 80 g
Hawthorn cake 100 g
Pumpkin seed 50 g",1
"Rice 50 g
Lettuce 50 g
Bean 50 g
Egg soup 50 g",1
"Rice 50 g
Lettuce 50 g
Long bean 50 g
Egg soup 50 g",1
"Cereal 50 g
Milk 195 ml
Egg 50 g",1
"Noodles 100 g
Vegetable 100 g",1
Yellow peach 100 g,1
"Rice 50 g
Chicken soup 100 ml
Tofu 15 g
Mushroom 8 g
Garlic sprout 50 g",1
"Milk 195 ml
Cereal 50 g
Rye flour cake 50 g",1
"Rice 50 g
Fish steak 70 g
Water spinach 80 g
Shrimp 100 g
Green bean 60 g
Melon 90 g",1
"Rice in soup 50 g
Vegetable 50 g
Tomato 300 g",1
"Rice 50 g
Shredded pork with garlic sauce 50 g
Scrambled egg with towel gourd  50 g",1
"Milk 195 ml
Cereal 30 g
Rye flour bread 50 g",1
Chicken soup noodles 250 g,1
"Rice 50 g
Shredded pork with garlic sauce 100 g
Green pepper 30 g
Ham sausage 50 g
Egg soup 20 g",1
Rice in salted soup,1
"Apple 150 g
Orange 50 g",1
"Rice 50 g
Cowpea 50 g
Water spinach 50 g
White gourd and pork bone soup 100 ml
Beef tendon 60 g",1
"Milk 195 ml
Cereal 35 g
Rye flour bread 50 g",1
Pumpkin seed 50 g,1
"Rice 50 g
Beef with onion 50 g
Fried egg with chives 50 g
White gourd soup 50 g",1
"Rice in soup 50 g
Mung bean and lily soup 50 g",1
"Rice 50 g
Beef tendon 50 g
Vegetable 50 g",1
"Milk 195 ml
Cereal 20 g
Scallion pancake 25 g",1
"Rice in soup 50 g
Tomatoes 80 g
mung bean cake 50 g",1
"Rice in soup 50 g
Tomato 200 g
Mung bean cake 50 g",1
"Rice 50 g
Vegetable 80 g
Mung bean sprouts 50 g
Pork bone soup 100 ml",1
"Milk 195 ml
Cereal 20 g
Egg  50 g",1
Instant noodles 90 g,1
"Rice 50 g
Scrambled egg with towel gourd 50 g
Cabbage and bacon",1
"Milk 195 ml
Cereal 20 g
Rye flour cake 50 g",1
"Rice in salted soup 50 g
Mung bean cake 20 g",1
Mung bean and lily porridge 50 g,1
"Pigeon 50g
Fried gluten puff 30g
Tea tree mushroom 20g
Water bamboo 50 g
Rice 100 g
Beer 330 ml",1
"Egg 50 g
Buckwheat bread 200 g
Milk 200 g",1
"Scrambled egg with bean sprouts 150 g
Pigeon soup 250 ml
Rice 100 g
Peanut 10 g",1
"Beef 100 g
Stir-ried pork with asparagus 80 g 
Beer 500 g
Kelp soup 100 g
Buckwheat bread 200 g
Apple 150 g",1
"Buckwheat bread 200 g
Egg 50 g
Milk 200 g",1
"Shredded pork and celery 100 g
Tomato and tofu 100 g
Rice 100 g",1
"Dried tofu and celery 100 g
Tomato and fish ball 150 g
Salted duck egg 50 g
Rice 100 g",1
"Steamed bun 100 g
Milk 400 g",1
"Jellyfish 100 g
Braised pork in brown sauce 50 g
Tofu soup 100 g
Rice 150 g",1
"Dried shrimps with white gourd 100 g
Steak 120 g
Beer 330 g",1
"Rice dumpling 250 g
Avocado 100 g
Milk 200 g",1
"Lettuce 100 g
Fried pork with potato 100 g",1
"Amaranth 100 g
Asparagus 150 g
Beer 330 g
Cauliflower 200 g",1
"Rice dumpling 250 g
Egg 50 g
Avocados 100 g
Milk 200 g",1
"White gourd 100 g
Bean sprout 100 g
Fish 50 g
Milk 50 g
Beer 330 g
Rice 100g",1
"Potato and onion 100 g
Braised big pork meatball 100g
Peanut 30 g
Bamboo shoot soup 100 g
Beer 330 g
Rice 100 g",1
"Buckwheat bread 120 g
Egg 50 g
Milk 200 g",1
"Meatball 100 g
Rice 50 g
Lettuce 12 g
Preserved egg 50 g
Beer 330 g",1
"Beef brisket 80 g
Rice 80 g
Cabbage 240 g
Meatball 80 g
Beer 330 g",1
"Buckwheat bread 80 g
Egg 50 g
Milk 200 g",1
"Sausage 40 g
Beer 330 g
Mung bean sprout 100 g
Rice 80 g
Wax gourd 120 g
Braised shrimp 80 g",1
"Braised pork with potato 100 g
Boiled shrimp 50 g
Pigeon soup 100 g
Fish 50 g
Beer 660 g",1
"Buckwheat bread 100 g
Sausage 40 g
Egg 50 g
Milk 200 g",1
"Lettuce 100 g
Peanut 20 g
Bamboo shoot soup 100 g
Beer 330 g",1
"Wonton 180 g
Sausage 60 g
Peanut 40 g
Braised pork with potato 80 g
Beer 660 g",1
"Tomato and bamboo shoot soup 100 g
Rice 100 g
Scrambled egg with cucumber  100 g
Beer 330 g",1
"Pig feet 80 g
Amaranth 60 g
Peanut 20 g
Steamed bun 50 g
Beer 330 g",1
"Pickled cabbage soup 80 g
Salted fish 50 g
Potato and green pepper 60 g
Rice 100 g",1
"Boiled shrimp 80 g
Braised pork with potato 100 g
Apple 80 g
Lettuce 100 g
Rice 50 g",1
"Shrimp 80 g
Fish 100 g
Bean sprouts 80 g
Rice 50 g",1
"Beef 60 g
Fish 80 g
Sausage 50 g
Steamed bun 80 g
Beer 330 g",1
"Rice 75 g
Vegetable 100 g
Chicken 100 g
Pumpkin 50 g",1
"Steamed twisted roll 100 g
Tofu pudding 300 g",1
"Vegetable 100 g
Peanut 150 g",1
"Rice 75 g
Duck gizzard 50 g
Eggplant 100 g",1
"Rice 75 g
Pomfret 150 g
Broccoli 100 g
Lettuce 50 g",1
"Beef jerky 50 g
Bread 100 g",1
Steamed pork dumplings 200 g,1
"Beef and rice noodles 200 g
Crispy chicken 150 g",1
"Rice 75 g
Vegetable, fish, shrimp and vegetable 250 g",1
"Rice 100 g
Green bean 50 g
Fried pork with bitter melon 250 g
Duck 100 g",1
"Towel gourd and egg soup 100 ml
Minced meat with eggplant 100 g
Zucchini 100 g",1
"Rice 75 g
Braised pork in brown sauce 250 g",1
Steamed small meat dumpling in basket 120 g,1
"Rice 50 g
Beef, fish and green bean 300 g",1
"Rice 100 g
Fish 150 g
Vegetable 100 g",1
Vermicelli 100 g,1
"Rice 100 g
Duck 100 g
Fish 100 g
Vegetable 100 g",1
Steamed bun 120 g,1
"Deep-fried dough stick  100 g
Egg 50 g
Steamed bun 100 g",1
Watermelon 150 g,1
"Rice 50 g
Long bean, vegetable, pork and Chicken wing 150 g",1
"Noodles 50 g
Vegetable 150 g
Meat 75 g",1
"Milk 250 ml
Egg 50 g
Corn 150 g",1
"Vegetable 150 g
Pork 75 g
Sheet jelly 100 g",1
"Rice 100 g
Fish 100 g
Vermicelli 50 g",1
"Vegetable 200 g
Rice 50 g",1
"Steamed bun 100 g
Vegetable 150 g
Fish 50 g",1
"Sweet potato 150 g
Broad bean 50 g
Milk 250 ml",1
"Sweet potato 100 g
Vegetable 100 g
Corn 75 g",1
"Rice 50 g
Vegetable 150 g
Broad bean 50 g",1
"Tofu pudding 50 g
Pancake 100 g",1
"Milk 250 ml
Steamed bun 100 g
Egg 50 g",1
"Vermicelli ,vegetable and meatball 250 g
Biscuit 10 g",1
"Rice 100 g
Vegetable 200 g
Meat dishes 50 g",1
"Milk 250 ml
Steamed bun 100 g
Duck egg 50 g",1
"Rice 100 g
Vegetable 150 g
Meat 50 g",1
"Tofu pudding 200 g
Egg 50 g
Cake 200 g",1
"Steamed bun 150 g
Egg 50 g
Milk 250 ml",1
"Rice 50 g
Vegetable 150 g
Fish 100 g",1
"Egg 50 g
Steamed bread 150 g
Milk 250 ml",1
"Vegetable 150 g
Beer 330 g
Fish 75 g",1
"Mutton 112.49 g
Shrimp 48.6 g 
Sheet jelly 19.6 g  
Cabbage,lettuce, cilantro, needle mushroom and spinach 428.8 g",1
"Noodles 289 g 
Cabbage, lettuce, coriander, needle mushroom and spinach 986 g
Peanut 10 g
Chicken 20 g
Sour bamboo shoots 20 g",1
"Cabbage, lettuce, coriander, needle mushroom and spinach 986 g
Peanuts 10 g
Chicken 20 g
Sour bamboo shoots 20 g
Vegetable 348.9 g
Fried chicken legs 149.4 g",1
"Tomato 96.2 g
Cucumber 65.1 g
Sandwich 129.2 g
Milk 180 ml",1
"Chicken and coriander 420.5 g 
Clams 420.5 g
Shrimp 180.3 g",1
"Cauliflower 113.4 g
Fried meat with cowpea 106.3 g
Egg 51.7 g
Shrimp 93.3 g",1
"Fried pork slices with cauliflower 141.7 g
Fried meat with cowpea 173.2 g
Shrimp 115.7 g
Egg 55.3 g",1
"Cowpea 59.3 g
Pleurotus Eryngii 131.6 g 
Beef and celery beef 79.2 g
Protein 113.5 g
Chicken leg 87.5 g",1
"Pleurotus Eryngii 97.4 g
Beef and celery  141.1 g 
Lettuce 181.6 g 
chicken leg 122.9 g",1
"Pancake 200 g
Lettuce 60 g
Eggs 50 g
Tenderloin 60 g",1
"Chicken gizzard 132.5 g
 Beef 51.4 g
 Scamble egg with tomato 240 g
 Chicken breast 54.7 g
 Vegetable 130 g",1
"Fried beef with celery 116.3 g
Shrimp 74.3 g
Water spinach 84.7 g 
Mutton 51 g 
Smoked tofu 82 g 
Chicken meat roll 137.9 g",1
Dumpling stuffed with minced pork and eggplant 80 g,1
Wax apple 100 g,1
"Coarse grain 60 g
Bitter gourd 5 g
Cowpea 15 g
Steamed gluten 10 g
Black fungus 10 g
Peanut 10 g
Tofu skin knot 15 g",1
"Soybean milk 250 ml
Steamed coarse grain bread 67 g
Egg 60 g
Cherry tomato 100 g",1
"Coarse grain 50 g
Cowpea 60 g
Pork rib 70 g
Steamed gluten 5 g
Tofu and fish soup 250 g",1
"Coarse grain 50 g
Bitter gourd 10 g
Hairtail 40 g
Garlic sprout and pork 80 g
Steamed gluten 10 g
Fungus 15 g
Peanut 240 g",1
Dumpling stuffed with minced pork and eggplant  80 g,1
"Garlic sprout 50 g
Needle mushroom 30 g
Beef 220 g
Coarse grain 50 g",1
"Milk 250 ml
Scallion pancake 60 g
Egg 60 g",1
"Noodles 50 g
Cabbage 70 g
Dried bean curd 40 g
Pickle 30 g
Green soy bean 20 g",1
"Coarse grain 60 g
Broad bean 20 g
Beef 200 g
Sea weed 40 g
Cabbage 50 g
Dried bean curd 20 g",1
"Coarse grain 60 g
Kelp 20 g
Broad bean 10 g
Pumpkin 40 g
Bean 20 g
Cabbage 80 g",1
"Coarse grain 60 g
Cowpea 30 g
Pumpkin 40 g
Beef 220 g
Dried bamboo shoot and pork 100 g",1
"Scallion pancake 60 g
Milllet porridge 140 g
Salted egg 60 g",1
"Rice 60 g
Fried shrimp with pepper 250 g
Sweet potato leaves 30 g",1
"Rice 60 g
Sweet potato leaves 30 g
Shrimp 250 g",1
"Steamed coarse grain bread 60 g
Boiled egg 60 g
Tofu pudding 50 g",1
"Shredded radish and pork sauce 60 g
Sweet potato 60 g
Dumpling 230 g",1
"Coarse grain 70 g
Cold needle mushroom 40 g
Green soy bean 30 g
Braised pork with dried bamboo shoot  90 g
Beef 20 g
Chinese cabbage 50 g",1
"Soybean milk 250 ml
Boiled egg 60 g
Steamed coarse grain bread 60 g",1
"Coarse grain 60 g
Spinach and egg soup 300 g
Towel gourd and green soy bean 100 g
Needle mushroom 40 g
Dried bamboo shoot 30 g
Beef 210 g",1
"Coarse grain 60 g
Needle mushroom 30 g
Steamed gluten 30 g
Fungus 30 g
Green pepper, water bamboo and shredded pork 280 g",1
"Coarse grain 60 g
Needle mushroom 30 g
Steamed gluten 20 g
Fungus 30 g
Dried bamboo shoot 40 g
Fish soup 300 g",1
"Coarse grain 60 g
Steamed gluten 20 g
Fungus 20 g
Onion 20 g
Carrot and pepper 300 g",1
"Coarse grain 60 g
Shrimp 40 g
Onion 20 g
Dried bamboo shoot and water bamboo 80 g
Tomato and egg soup 200 g",1
"Coarse grain 50 g
Cowpea 30 g
Cabbage 60 g
Pork 150 g
Vermicelli 30 g
Bitter gourd 260 g",1
"Steamed coarse grain bread 60 g
Boiled egg 250 g",1
"Coarse grain 60 g
Bitter gourd 30 g
Cowpea 30 g
Cabbage 70 g
Vermicelli and pork 250 g",1
Cake 30 g,1
"Coarse grain 50 g
Bitter gourd 30 g
Cabbage and vermicelli 80 g
Pepper and kidney bean 70 g
Chicken nugget 250 g",1
"Milk 250 g
Boiled egg 60 g
Steamed coarse grain bread 60 g",1
Wax apple 115 g,1
Shepherd's purse and meat stuffed dumplings 210 g,1
"Green vegetable 100 g
Snow pea 80 g
Pork rib 35 g
Coarse grain 50 g",1
"Egg 50 g
Rice cake 35 g
Peanut 26 g
Millet porridge 150 mL",1
Wax apple 110 g,1
Vegetable ball 221 g,1
"Coarse grain 50 g
Shredded radish and coriander 100 g
Bean sprouts 100 g
Celery, carrot, bamboo shoots and red sausage 100 g",1
"Soybean milk 250 ml
Egg 50 g
Peanuts with vinegar 40 g
Black rice cake 80 g",1
Fruit 110 g,1
"Vegetable ball 120 g
Pork rib 37 g
Bean sprouts 86 g",1
"Yogurt 100 g
Sweet potato 85 g",1
"Fried hairtail 50 g
Vegetable 80 g
Coarse grain 50 g
Tomato and egg soup 100ml",1
"Black rice cake 57 g
Egg 56 g
Peanuts with vinegar 25 g
Milk 250 ml",1
"Vegetable ball 126 g
Onion, pepper and carrot 100 g
Pork rib 27 g
Celery and carrot 50 g",1
"Coarse grain 70 g
Cabbage and vermicelli 100 g
Green pepper, onion and carrot 100 g
Salted duck 50 g",1
"Egg 57 g
Steamed bread stuffed with Shepherd's purse and meat 113 g
Peanuts with vinegar 31 g
Soybean milk 250 ml",1
"Coarse grain steamed bread 53 g
Vegetable 100 g
Coriander and shredded radish 100 g
Boiled duck 43 g",1
"Coarse grain 52 g
Coriander and radish shreds 100 g
Green pepper, tofu skin knot and red sausage 87 g
Pork stuffed tofu skin 40 g",1
"Coarse grain 55 g
Egg 60 g
Peanuts with vinegar 40 g
Millet porridge 130 g",1
"Cucumber 50 g
Fried leek 100 g
Boiled shrimp 62 g
Rice 100 g",1
"Rice 100 g
Spinach 100 g
Fried egg with leek 100 g
Braised mutton 50 g",1
"Coarse grain steamed bread 66 g
Egg 40 g
Peanuts with vinegar 30 g
Buckwheat dough 250 g",1
"Spinach 100 g
Needle mushroom salad 100 g
Rice 100 g",1
"Yogurt 100 g
Nut biscuit 30 g",1
"fungus with vegetable 100 g
Steamed bean curd roll 90 g
Shredded radish with coriander 100 g
Coarse grain 50 g
Salted shrimp 42 g",1
"Coarse grain steamed bread 55 g
Egg 57 g
Peanuts with vinegar 50 g
Soybean milk 250 g",1
Kiwi fruit 80 g,1
"Cucumber salad 50 g
Steamed bean curd roll 52 g
Fungus with vegetable 100 g
Vegetable ball 220 g",1
"Yogurt 100 g
Sweet potato 67 g",1
"Coarse grain 96 g
Celery, dried bean, carrot, and shredded pork 140 g
Sweet and sour lotus root 100 g",1
"Coarse grain steamed bread 55 g
Egg 56 g
Millet porridge 100 g
Peanuts with vinegar 40 g",1
Kiwi fruit 107 g,1
"Celery, dried bean and carrot 100 g
Sweet and sour lotus root, shredded radish 100 g
Mutton and vegetable 150 g
Vegetable ball 100 g",1
"Vegetable 100 g
Shredded radish 50 g
Broccoli, dried bean curd and shredded carrot 100 g
Coarse grain 70 g",1
"Black rice cake 60 g
Egg 60 g
Peanuts with vinegar 40 g
Soybean milk 250 ml",1
"Stir fried vegetable 130 g
Broccoli, dried bean, carrot and shredded pork 100 g
Vegetable ball 150 g",1
"Hairtail 55 g
Vegetable 100 g
Cabbage, carrot, and vermicelli 50 g
Coarse grain 60 g",1
"Egg 58 g
Black rice cake 94 g
Peanuts with vinegar 40 g
Millet porridge 120 g",1
"Coarse grain 50 g
Shredded radish 50 g
Fried vegetable 100 g
Cabbage and vermicelli 100 g",1
"Coarse grain 50 g
Shredded radish and coriander 50 g
Celery, shredded carrot and bamboo shoots 100 g
Potato and beef 60 g",1
"Coarse grain steamed bread 56 g
Egg 48 g
Peanuts with vinegar 40 g
Soybean milk 250 ml",1
"Fungus with vegetable 100 g
Onion, pepper and beef 100 g
Shredded radish, dried bean curd and shredded pork 100 g
Coarse grain 60 g",1
"Fried shrimp 50 g
Pork stuffed tofu skin 72 g
Fungus and vegetable 70 g
Coarse grain 60 g",1
"Egg 55 g
Coarse grain steamed bread 57 g
Peanuts with vinegar 40 g
Buckwheat noodles 250 g",1
"Rice 100 g
Fried vegetable 100 g
Tofu 100 g",1
"Stir fried vegetable 100 g
Mutton 50 g
Tofu 50 g
Rice 70 g",1
"Coarse grain steamed bread 70 g
Egg 52 g
Peanuts with vinegar 40 g
Buckwheat noodles 250 ml",1
Dumpling stuffed with Shepherd's purse and pork 270 g,1
"Egg 50 g
Coarse grain steamed bread 60 g
Peanuts with vinegar 40 g
Soybean milk 250 ml",1
"Wax gourd 100 g
Kelp 150 g
Egg soup 100 g",1
"Wonton stuffed with Shepherd's purse, mushroom and pork 150 g
Banana 100 g
Nut 30 g
Yogurt 200 g",1
"Soybean 20 g
Chickpea 20 g
Peanuts 20 g
Walnuts 20 g
Coix seed 20 g
Soybean milk 400 g
Egg 55 g
Lettuce 50 g
Bacon and asparagus 50 g",1
Tomato 250 g,1
"Rice 50 g
Bean sprouts 100 g
Steamed bean curd roll 100 g
Celery 100 g",1
Tomato 100 g,1
"Asparagus 50 g
Broccoli 50 g
Quail egg 50 g
Shrimp 50 g
Banana 50 g
Millet mung bean porridge 400 g",1
"Whole wheat bread 15 g
Beef and ham 15 g
Spinach, king oyster mushroom, pine nut 50 g
Broccoli 50 g
Shrimp 50 g
Milk and egg 300 g",1
"Pea seedling 100 g
Cooked pea 150 g",1
"Steamed bun stuffed with carrot 100 g
Boiled egg in tea 50 g
Milk 250 ml",1
"Milk and egg 300 g
Banana 100 g
Beef 50 g
Lettuce salad 50 g",1
Cucumber 200 g,1
"Cucumber 200 g
Sweet potato and purple sweet potato 150 g",1
"Corn 300 g
Soybean milk 150 g
Beef 50 g",1
"Milk cereal 180 g
Banana 100 g
Steamed bean curd roll 50 g
Quail egg 50 g",1
"Soybean milk 250 ml
Beef bun 100 g
Stinky tofu 80 g",1
"Millet mung bean porridge 200 g
Pumpkin chicken 150 g
Egg 50 g",1
"Coarse grain 50 g
Bean sprout 50 g
Fish 100 g
Razor clam 100 g",1
"Boiled chicken and pumpkin pie 250 g
Tomato 150 g",1
"Milk 250 ml
Chicken breast 50 g
King oyster mushroom and asparagus 100 g
Corn 100 g",1
Steamed meatfilled bun 105 g,1
Chocolate 5 g,1
Steamed vegetable bun 105 g,1
"Mushroom 50 g
Fungus 100 g
Radish 50 g
Oil tofu 100 g
Noodles 60 g",1
"Vegetable 80 g
Pork 15 g
Scallops 60 g
Chinese cabbage 50 g
Rice 75 g",1
"Steamed vegetable bun 50 g
Lotus nut 100 g",1
"Noodles 60 g
Vegetable 10 g
Sea cucumber 40 g 
Abalone 40 g",1
"Noodles 75 g
Mung bean sprouts, egg dumpling, pork, Pleurotus Eryngii and shredded dry bean curd 150 g",1
"Biscuit 40 g
Chocolate 5 g",1
"Wonton 400 g
Milk 100 g
Pumpkin 100 g",1
"Pigeon 10 g
Beef 15 g
Cucumber 200 g
Mung bean sprouts 50 g
Seaweed 50 g",1
"Steamed vegetable bun 150 g
Pumpkin 150 g",1
"Rice 75 g
Fungus 100 g
Steamed bean curd roll 50 g
Pigeon 50 g
Beef 50 g
Pleurotus Eryngii 15 g",1
"Noodles 50 g
Pigeon meat 50 g
Fungus 100 g",1
"Wontonwonton 400 g
Wax gourd 50 g",1
"Rice 80 g
Pigeon meat 10 g
Abalones 40 g
Wax gourd 40 g
Tomato 50 g
Cucumber 150 g",1
Chocolate 3 g,1
"Steamed vegetable bun 150 g
Lotus nut 200 g
Red date 20 g
Egg 50 g",1
"Wonton 50 g
Noodles 20 g
Lotus nut 100 g",1
"Wax gourd soup 150 ml
Pigeon meat 10 g
Abalone 15 g
Crayfish 25 g
Mung bean sprouts 10 g
Vegetable 60 g",1
"Maran beans mixed with dried spices 30 g
Biscuit 40 g",1
"Noodles 60 g
Wax gourd 40 g
Pigeon 10 g
Egg 50 g",1
"Steamed vegetable bun 60 g
Abalone 10 g
Wax gourd soup 150 ml",1
"Noodles 60 g
Asparagus 250 g
Sticky rice cake 50 g
Fried clam with egg 250 g",1
"Wonton 40 g
Steamed vegetable bun 35 g
Lotus nut 100 g
Red date 10 g
Skimmed milk 100ml",1
"Sliced beef 40 g
Shrimp 60 g
Fungus 100 g
Sliced wax gourd 50 g
Rice 75 g",1
"Yogurt 100 ml
Biscuit 10 g",1
"Noodles 50 g
Laver and wax gourd soup 150 ml
Sliced beef 15 g",1
"Pumpkin 50 g
Beef  50 g
Laver, wax gourd and shrimp soup 150 ml
Rice 75 g",1
"Rice 80 g
Yellow croaker 150 g
Fungus 100 g
Mung bean sprouts 10 g
Yogurt 100 ml
Biscuit 150 g",1
"Noodles 60 g
Wax gourd, radish, dried bamboo shoot and dried tofu 10 g
Mushroom 15 g
Steamed bean curd roll 5 g",1
"Noodles 60 g
Fungus 50 g
Pork 15 g
Tomato 25 g
Fungus 15 g
Needle mushroom 20 g",1
"Rice 80 g
Crawfish 15 g
Pork 80 g
Mung bean sprouts 50 g
Cucumber 100 g
Fried clam 100 g",1
"Noodles 60 g
Cucumber 50 g
Vegetable 50 g
Beef 50 g
Clam 100 g
Bamboo shoots 5 g",1
Green tea 200 ml,1
"Noodles 60 g
Crawfish 210 g
Vegetable 30 g
Steamed bean curd roll 15 g",1
"Yellow croaker 150 g
Wax gourd and scallops 100 g
Laver soup 100 ml
Eggplant 40 g
Mung bean sprouts 10 g",1
"Noodles 60 g
Wax gourd and scallops 100 g
Laver and vegetable soup 100 ml
Fungus and needle mushroom 100 g
Steamed bean curd roll 10 g",1
"Wax gourd and abalone 100 g
Vegetable soup 100ml
Fish 100 g
Milk 200 ml
Steamed bean curd roll 10 g
Noodles 60 g",1
"Vegetable 10 g
Steamed bean curd roll 50 g
Mushroom 30 g
Pigeon meat 50 g
Abalone 20 g
Rice 50 g",1
Yogurt 100 ml,1
"Noodles 60 g
Vegetable and pigeon soup 150 ml
Wax gourd 50 g
Pigeon meat 10 g
Abalone 15 g",1
"Bread 60g
Tomato 50g",1
"Steamed bread 150 g
Coffee 200 ml",1
"Rice 50g
Vegetable 100g",1
"Rice in soup 100 g
Egg 50 g
Pickle 30 g",1
"Fish 40 g
Pork 50 g
Bitter gourd and carrot 100 g
Yellow rice wine 50 ml
Buckwheat bread 80 g",1
"Fish 40 g
Bitter gourd and carrot 50 g
Rice 50 g",1
"Rice in soup 50 g
Egg 50 g
Pickle 30 g",1
"Buckwheat bread 80 g
Fish 60 g
Yellow rice wine 50 ml
Cabbage 50 g",1
"Rice 50 g
Fish 80 g
Vegetable 50 g",1
"Buckwheat bread 80 g
Fish 40 g
Vegetable100g
Asparagus 100 g
Yellow rice wine 50 ml",1
"Rice 50 g
Vegetable 50 g",1
"Buckwheat steamed bun 80 g
Fish 40 g
Vegetable 80 g
Yellow rice wine 50 ml",1
"Rice 50 g
Vegetable 50 g
Fish 40 g
Meatball 40 g",1
"Buckwheat bread 80 g
Vegetable 100 g
Yellow rice wine 50 ml",1
"Rice 50 g
Fish 40 g
Vegetable 50 g
Meatball 40 g",1
"Buckwheat bread 80 g
Fish 40 g
Meatball 40 g
Vegetable 100 g
Yellow rice wine 250 ml",1
"Rice 50 g
Meatball 40 g
Fish 40 g
Vegetable 80 g",1
"Buckwheat bread 80 g
Asparagus 50 g
Fish 40 g
Meatball 40 g
Yellow rice wine 50 ml",1
"Buckwheat bread 80 g
Fish 40 g
Meatball 40 g
Vegetable 100 g
Yellow rice wine 50 ml",1
"Buckwheat bread 80 g
Yellow rice wine 50 ml
Fish 60 g
Vegetable 50 g
Beef 20 g",1
"Rice 50 g
Fish 40 g
Beef 40 g
Vegetable 50 g",1
"Buckwheat bread 80 g
Yellow rice wine 50 ml
Meatball 40 g
Asparagus 50 g
Beef 20 g",1
"Rice 50 g
Meatball 40 g
Beef 40 g
Asparagus 50 g",1
"Buckwheat bread 80 g
Yellow rice wine 50 ml
Meatball 40 g
Herring 60 g
Crown daisy 100 g",1
"Rice 50 g
Fish 60 g
Crown daisy 500 g",1
Buckwheat pancake with egg 70 g,1
"Fried bean sprouts with leek 100 g
Shredded pork with garlic 100 g
Beef 100 g
Tomato soup 120 g",1
"Coarse grain pancake 120 g
Tomato and wax gourd soup 100 g",1
"Steamed vegetable bun 120 g
Radish 50 g",1
"Milk 200 ml
Steamed vegetable bun  50 g
Black sesame and walnut paste 300 ml",1
"Celery 70 g
Fish 100 g
Radish 50 g",1
"Mushroom soup 100 g
Pancake 120 g",1
"Crucian carp and radish soup 130 g
Cabbage 100 g",1
Wonton 280 g,1
"Shredded carrot 50 g
Pumpkin 120 g",1
"Shrimps 20 g
Poached egg 50 g
Shredded carrot 60 g",1
"Egg 70 g
Black sesame and  walnut cereal paste 300 ml
Rye bread 50 g",1
Noodles and spinach soup 1 bowl 200 g,1
"Mutton 30 g
Goose feet 20 g
Peanuts 20 g
Fish 45 g
Dumpling 45 g",1
"Black sesame and walnut cereal paste 300 ml
Rye bread 50 g",1
Mutton noodle soup 150 g,1
"Beef 100 g
Spring roll 30 g
Towel gourd 50 g
Orange 1 60 g",1
"Steamed bread 30 g
Shredded lettuce 50 g
Laver soup 100 g",1
"Vegetable 100 g
Shredded radish 50 g
Yam 30 g",1
"Egg 70 g
Black sesame and walnut cereal paste 300 ml
Steamed bread 50 g",1
"Taro 50 g
Garlic 50 g
Chicken feet 100 g",1
"Egg 70 g
Black sesame and walnut cereal paste 300 ml
Steamed bun 100 g",1
Dumpling 180 g,1
"Chicken feet 50 g
Taro 50 g
Fried rice with egg 100 g",1
"Pancake 100 g
Egg soup 120 g",1
"Crab 150 g
Taro 60 g 
Wax gourd soup 100 g",1
"Beef with green pepper 100 g
Cucumber 100 g
Noodles 150 g",1
Milk 150 ml,1
Dendrobium candidum 25 ml,1
"Rice 70 g
Pastry 130 g
Beef 100 g
Vegetable 100 g
Fish 50 g
Cucumber 50 g",1
"Braised pork in brown sauce  50 g
Shredded beef 50 g
Steamed gluten 50 g",1
Apple 250 g,1
"Mung bean sprouts 400 g
Fungus 150 g
Three yellow chicken 150 g
Duck gizzards 8g
Rice 100 g",1
"Wonton 125 g
Three yellow chicken 150 g
Lettuce 50 g",1
"Cucumber 300 g
Fungus 100 g
Braised pork in brown sauce  30 g
Rice 75 g
Bamboo shoots 50 g",1
"Cucumber 150 g
Black fungus 100 g
Braised pork in brown sauce  20 g
Rice 100 g",1
"Milk 200 ml
Biscuit 50g",1
"Bread 100 ml
Milk 250 ml
Egg 50 g
Peanut 50 g",1
"Tomato and sliced fish 100 g
Broccoli 50 g
Cucumber 300 g
Pork 30 g",1
"Tomato and sliced fish 50 g
Broccoli 50 g
Cucumber 200 g
Braised pork in brown sauce  20 g",1
"Steamed bread 80 g
Milk 300 ml
Salted duck egg 25 g",1
"Rice  50 g
Crown daisy 90 g 
Kelp 10g
Carrot 50g
Shrimp skin 100 g
Mushroom 100 g 
Crab cream 90 g",1
"Rice 50g 
Cucumber 50 g
Carrot 40g
Mushroom  10 g
Shrimp skin 100 g",1
"Fermented milk 135 g
Egg 50 g
Scallion pancake 90 g",1
"Wonton 100 g
Eggplant 90 g
Hairtail 150 g",1
"Taro 50 g
Wonton 60 g
Cucumber 100 g",1
"Egg 60 g
Soymilk 500 ml
Red date 25 g
Walnuts and sesame 15 g
Cereal 20 g
Loquat 15 g",1
"Corn 100 g
Cucumber 90 g
Fried hairtail 180 g
Soybean and dried radish 40 g",1
"Soymilk 500 ml
Red date 25 g
Walnut and sesame 15 g
Cereal 25 g
Loquat 15 g
Egg 60 g",1
"Steamed bread 60 g
Leeks and smoked bean curd 110 g
Towel gourd fried egg 80 g
Oil gluten 50 g
Carrot 40 g
Mushroom 100 g",1
"Steamed bread 50 g
Stir fried vegetable with scallion oil 60 g
Baby Chinese cabbage 200 g
Soybean and dried radish 50 g",1
"Fermented milk 135 g
Egg 60 g
Taro 100 g",1
"Rice 50 g
Celery 100 g
Dried shrimp skin and cabbage 100 g",1
"Rice 50 g
Celery 100 g
Dried shrimp skin and cabbage 100 g
Apple 75 g",1
"Yogurt 135 g
Sweet potato 75 g
Egg 60 g",1
"Lettuce 150 g
Soybean 30 g
Rice 50 g
Fish 100 g",1
"Rice 50 g
Soybean and dried radish 40 g
Lettuce 150 g",1
"Egg 60 g
Soymilk 500 ml
Red date 25 g
Walnut and sesame 15 g
Chinese wolfberry 15 g
Sweet potato 30 g",1
"Rice 50 g
Hairtail 100 g
Potato and tomato 80 g
Green pepper, smoked bean curd and carrot 80 g
Mushroom 100 g
Cucumber 50 g",1
"Rice 50 g
Cucumber 50 g
Green pepper, carrot and  mushroom 150 g",1
"Coffee and milk 300 ml
Steamed bun 80 g",1
"Rice 50 g
Steak 75 g
Scrambled egg with bitter gourd  70 g
Wax gourd and green soybean 90 g
Vegetable 100 g",1
"Rice 50 g
Wax gourd and green soybean 100 g
Vegetable 100 g
Scrambled egg with bitter gourd 50 g",1
"Egg 50 g
Fermented bean curd 40 g
Coix seed, red bean and lotus nut 300 g",1
"Wonton 100 g
Cucumber 125 g
Green pepper 5 g
Mushroom 10 g
Smoked bean curd 20 g
Water bamboo 20 g
Carrot 30 g
Green soybean 50 g",1
"Green pepper 8 g
Mushroom 10 g
Smoked bean curd 2 2g
Water bamboo 20 g
Carrot 30 g
Green soybean 100 g
Potato and tomato 50 g
Rice 50 g",1
"Yogurt 135 g
Sweet potato 95 g",1
"Poached egg 70 g
Cucumber 40 g
Water bamboo and other vegetables 100 g",1
"Cold noodles 100 g
Vegetable 50 g",1
"Yogurt 135 g
Sweet potato 100 g",1
"Milk 300 g
Corn 80 g",1
"Milk 250 ml
Egg 50 g
Fungus 20 g
Rice dumpling 250 g",1
"Rice 50 g
Cucumber 50 g
Shrimp meatball soup 50 g",1
"Egg 50 g
Fungus 200 g
Milk 200 g
Buckwheat bread 50 g
Corn 50 g",1
"Rice 50 g
Shrimp meatball 30 g
Hairtail 20 g
Wax gourd 30 g",1
"Duck soup 50 g
Wax gourd 50 g",1
"Milk 200 g
Fungus 200 g
Egg 50 g
Dumpling 80 g",1
"Milk 200 g
Egg 50 g
Stuffed sticky rice ball 75 g",1
"Milk 200 g
Egg 50 g
Stuffed sticky rice ball 70 g",1
Dumpling 100 g,1
"Rice 50 g
Hairtail 30 g",1
"Rice 50 g
Hairtail 50 g
Chinese cabbage 100 g",1
"Milk 200 ml
Egg 50 g
Buckwheat noodles 100 g
Corn 100 g",1
"Sword bean 50 g
Rice 50 g",1
"Corn 100 g
Buckwheat bread 50 g
Milk 200 g
Egg 50 g",1
"Milk 200 g
Egg 40 g
Buckwheat bread 50 g
Corn 100 g",1
"Cake 110 g
Milk 250 ml",1
"Shredded pork and onion 100g
Coarse grain 100 g
Yellow bean sprout and oil gluten 100g
Sea cucumber 30g",1
"Chicken 55g
Cucumber 60g
Shredded pork and onion 100g
Soybean sprouts 50g
Mushroom 50g
Coarse grain 100 g
Nutritional powder 200 ml",1
"Beef 75g
Radish 50g
Rice 80 g
Apple 75g
Milk 200 ml",1
"Hairtail 20 g
Celery and dried tofu 100g
Shredded pork with tofu and duck blood 150g
Coarse grain 50 g",1
"Wonton 160 g
Milk 250 ml",1
"Sliced boiled chicken 100g
Meatball 40 g
Shredded potato 60 g
Rice 80 g",1
"Tofu 80g
Coarse grain 100 g",1
"Wonton 40 g
Egg 100 g",1
Rice dumpling 250 g,1
"Chicken 40 g
Fish 50 g
Wax gourd 50g
Coarse grain 50 g",1
"Coarse grain 80 g
Milk 200 ml
Egg 100 g",1
"Coarse grain 60 g
Crab 100 g
Spinach 100 g",1
"Coarse grain 100 g
Fish 20 g
Vegetable 100g",1
"Coarse grain in soup 100 g
Pickles 50 g
Milk 250 ml",1
Wonton 160 g,1
"Coarse grain 100 g
Pig bone soup 150g",1
"Coarse grain pancake 100g
Egg 50g",1
"Coarse grain 100 g
Fish 100 g
Shredded eel 50 g
Vegetable 100 g",1
"Rice 50 g
Pork rib 25 g
Vegetable and egg soup 100 ml",1
"Raisin 50 g
Grapefruit 20 g
Kiwi 50 g",1
"Black rice 166.10 g
Red rice 86.2 g
Duck 28 g
Pork 25 g
Pig bone and wax gourd soup 236 g",1
Cake with pork floss and salted egg 29.7 g,1
Red bean rice dumpling  253 g,1
"Black rice 130 g
Vegetable 45 g
Radish and chicken soup 236 g
Braised tofu 40 g
Chicken 41 g
Braised pork in brown sauce  28 g",1
"Sugar 9.5 g
Latte 200ml with 6.5 g sugar",1
"Meat rice dumpling 126 g
Rice 130 g
Hairtail fish 34 g
Pickled vegetable and green soybean 43 g
Vegetable 50 g
Duck 25 g
Radish and chicken soup 265 g",1
"Sandwich 100 g
Steamed egg 203 g",1
"Rice 219 g
Boiled shrimp 25.5 g
Dried celery 37.2 g
Pork rib 88.8 g
Water spinach 42.5 g
Green soybean and pickles 35 g
Soup 254.4 g",1
"Crab and rice cake 150 g
Pork rib 48 g
Rice cake 150 g
Water spinach 40 g
Shrimp 15 g
Dried celery 35 g
Soup 150 g",1
"Latte 200ml with 7 g sugar 
Colored bean rice dumpling 300 g 
Egg 60 g",1
Litchi 55.2 g,1
"Black rice 160 g
Pickle and green soybean 50 g
Fish and tofu soup260 g",1
"Black rice 100 g
Noodles 80 g
Vegetable 20 g
Rice dumpling 150 g
Fish soup 300 g",1
"Latte 9 g
Salted bread 70 g",1
"Rice 185 g
Tomato and egg soup 200 g
Braised eggplant 50 g
Braised meat 25 g
Vegetable salad 90 g
Hairtail 30 g",1
Orchid bean 30 g,1
Litchi 45 g,1
"Rice 170 g
Tomato and egg soup 200 g
Braised eggplant 40 g
Braised pork in brown sauce 25 g
Vegetable salad 74 g",1
"Corn 100 g
Egg 50 g
Corn soup 350 g",1
"Rice 160 g
Fish 90 g
Taro 130 g
Vegetable salad 35 g
Scrambled egg with cucumber  25 g",1
"Bread 90 g
Egg 54 g
Coffee 100 ml with 9 g sugar",1
"Cereal 24 g
Rice dumpling 180 g",1
"Rice cake 910 g
Snacks 50 g
Watermelon 150 g
Tomato 250 g",1
"Vegtable 381 g
Soup 371 g",1
"Cereal 27 g
Biscuit 20 g",1
Noodles 850 g,1
"Rice 150 g
Shredded potato 100 g
Taro 90 g",1
"Cereal 30 g
Cookie 53 g",1
Corn juice 113 g,1
"Taros 50 g
Fish 100 g
Tofu skin rolls with minced pork 50 g
Yam 239 g
Rice 109 g",1
"Fish 63 g
Amaranth 10 g
Scrambled egg with tomato  20 g
Rice 101 g
Soup 35 g",1
"Cereal 22 g
Steamed bun 48 g",1
"Vegetable 48 g
Lotus root 43 g
Shrimp 41 g
Soup 162 g
Rice 100 g",1
"Cucumber 63 g
Duck 54 g
Shrimp 23 g
Rice 102 g",1
"Cereal 22 g
Steamed bun 43 g",1
"Green soybean 88 g
Towel gourd 61 g
Rice 150 g
Fish 53 g",1
"Vegetable 20 g
Fish 22 g
Lotus root 24 g
Rice 150 g",1
"Cereal 21 g
Cookie 53 g",1
Noodles 47 g,1
"Shredded pork with celery 43 g
Fried shrimp with cucumber 60 g
Rice 102 g",1
"Cereal 102 g
Milk cake 53 g",1
"Cold noodles 231 g
Fruit 75 g
Tomato 50 g
Cucumber 70 g",1
"Bitter gourd 53 g
Orchid 81 g
Duck wing 48 g
Rice 100 g
Tomato and bean soup 142 g",1
"Cereal 10 g
Milk and bread 60 g",1
"Wonton 675 g
Cucumber 100 g
Watermelon 250 g",1
"Vegetable 62 g
Steamed gluten 65 g
Rice 101 g
Meat 35 g
Wax gourd soup 210 g",1
"Cereal 50g
Milk 100ml
Steamed bread 100g",1
"Noodles 200 g
Tomato 70 g
Cucumber 80 g",1
"Potato and beef 100 g
Steamed gluten 69 g
Wax gourd soup 230 g
Rice 100 g",1
"Cereal 54 g
Milk 100 ml
Bread 80 g",1
"Pork rib 100 g
Hairtail 50 g
Potato 50 g
Pear 70 g
Cucumber 80 g",1
"Vegetable 20 g
Seasame paste 33 g
Crab 15 g",1
"Cereal 50g
Milk 103ml
Corn 50g",1
"Cowpea 41 g
Cucumber 49 g
Hairtail fish 60g
Rice 100 g
Wax gourd soup 306 g",1
"Noodles 100g
Peach 60g",1
"Milk 100ml
Cereal 50g
Steamed bun 95g
Watermelon 250g
Cucumber 80g",1
"Shredded pork with Chinese cabbage 23 g
Sea cucumber 40 g
Small pork rib and yam soup 253 g
Meat 35 g
Rice 102 g",1
"Sea cucumber 35 g
Chinese cabbage 65 g
Shrimp 44 g
Soup 230 g",1
"Rice 100 g
Vegetable 100 g
Hairtail 100 g
Tofu 100 g",1
"Wonton 200 g
Egg 50 g",1
"Cucumber 80g
Eggplant 50g
Pork 100g
Rice 100g",1
"Rice 100g
Steamed egg 100g
Braised pork in brown sauce  50g
Vegetable 100g",1
"Steamed vegetable bun 100 g
Boiled egg 50 g
Milk 250 ml",1
"Noodles 150 g
Chinese cabbage 100 g",1
"Rice 100 g
Black fish fillet 150 g
Chicken feet 40 g",1
Instant noodles 250 g,1
"Rice 100 g
Cucumber 100g
Chicken soup 100ml",1
"Rice 50 g
Hairtail 50g
Broccoli 100g",1
"Wonton 140 g
Egg 50 g
Sweet potato 100 g",1
"Eel 150 g
Celery 150 g
Rice 100 g",1
"Noodles 100 g
Fried egg 50 g",1
"Steamed perch 100g
Fried egg with green pepper 80g
Vermicelli with cabbage 100g",1
"Shepherd's purse and fish fillet 150g
Pork rib 150 g",1
Wonton 120 g,1
"Noodles 150 g
Duck egg 50 g",1
"Fried shredded pork with water bamboo and green soybean 100g
Braised pig feet 250g",1
"Steamed vegetable bun 100 g
Milk 250 g
Egg 50 g",1
"Roast duck 200 g
Cabbage 150 g
Rice 100 g",1
"Fried sliced mutton with scallion 150 g
Mapo tofu 150 g",1
"Milk 250 g
Cereal 20 g
Egg 50 g",1
"Noodles 120 g
Vegetable 200 g",1
"Sliced boiled chicken 200 g
Chinese cabbage 150 g
Steamed bean curd roll 20g",1
"Duck egg 50 g
Dumpling 120 g",1
"Rice 100 g
Scrambled egg with cucumber 120 g
Pork 100 g",1
"Pork rib and wax gourd soup 100ml
Braised small yellow croaker 150g
Rice 100 g",1
"Milk 200 g
Steamed vegetable bun 80 g
Egg 50 g",1
"Pork rib Noodles 100 g
Instant spicy steampot 150 g",1
"Hairtail 100g
Scrambled egg with towel gourd 100g
Rice 100 g",1
"Fried pork with cowpea 150g
Mapo tofu 80g
Rice 100 g",1
"Hotpot 350 g
Mutton 200 g
Beer 500 g",1
"Steamed pork bun 100 g
Milk 200 g
Egg 50 g",1
"Pomfret 100 g
Fried sliced pork and cowpea  140g
Wax gourd soup 100ml",1
"Braised potatoes with beef 100g
Dried tofu with celery 100g
Rice 75 g",1
"Rice 50 g
Chicken 100 g
Steamed eggs with minced pork 100 g
Wax gourd 50 g
Cucumber 100 g
Milk 250 ml",1
"Steamed bun 50 g
Chicken 100 g
Steamed eggs with minced pork 100 g
Wax gourd 50 g
Cucumber 100 g",1
"Chicken 100 g
Cucumber 100 g
Water spinach 100 g",1
"Egg 50 g
Rice and water 100 g",1
"Hairtail 100 g
Pork 100 g
Rice 100 g
Vegetable 200 g",1
"Hairtail 80 g
Pork 100 g
Rice 100 g
Vegetable 200 g",1
"Steamed bun 100 g
Egg 50 g
Milk 250 ml",1
"Hairtail 100 g
Cucumber 100 g
Pork rib 75 g",1
"Pigeon 50 g
Cauliflower 80 g
Water bamboo 100 g
Leek 100 g",1
"Fish head with sheet jelly 100g
Cucumber 100g
Pigeon and cauliflower soup 100 g",1
"Chinese pancake 100 g
Egg 50 g
Milk 250 ml",1
"Shrimp 100g
Fish 100g
Corn 50g
Pork rib and radish soup 100 g
Apple 125 g",1
Chinese pancake 100 g,1
"Cake 100g
Egg 50 g
Yogurt 200 ml",1
"Hairtail 80g
Steak 75g
Bitter gourd 30g
Cucumber 100g
Rice 200 g",1
"Hairtail 100g
Steak 75g
Bitter gourd 30g
Cucumber 100g
Steamed bun 200 g",1
"Rice in soup 100g
Cake 100 g
Yogurt 200 ml",1
"Boiled duck 70g
Hairtail 100g
Cucumber100g
Rice 200 g",1
"Boiled duck 80g
Hairtail 100g
Cucumber100g
Rice 200 g",1
"Rice in soup 100 g
Egg 50g",1
"Cake 100g
Egg 50 g
Yogurt 200 ml
Steamed bun 50 g",1
Noodles and small pork rib soup 200 g,1
"Duck 80g
Chinese cabbage 100g
Wax gourd and small pork rib soup 100 ml",1
"Corn 150 g
Egg 50 g
Milk 250 ml
Steamed bread 50 g",1
"Duck soup 100ml
Bitter gourd 30g
Scrambled egg with towel gourd 100g
Rice 200 g",1
"Noodles 50 g
Duck egg 50 g",1
"Egg 50 g
Steamed bun 100 g
Milk 250 ml",1
"Steamed bread 50 g
Noodles 20 g
Bitter gourd 30 g",1
"Duck 80 g
Bitter gourd 30 g
Wax gourd 50 g
Tomato soup 100 ml
Steamed bun 200 g",1
Wonton and Pan-fried dumplings 200 g,1
"Milk 150 ml
Egg 50 g
Steamed bun 50 g",1
"Tofu skin rolls with minced pork75 g
Vegetable 85 g
Chinese cabbage 100 g
Oats 40 g",1
"Braised pork in brown sauce  80 g
Fried wax gourd with green soybean 75 g
Vegetable 80 g
Rice 100 g",1
"Milk 150 ml
Egg 50 g
Steamed stuffed bun 50 g",1
"Basa fillet 57 g
Fried fungus with cucumber 80 g
Wax gourd and green soybean 75 g
Shrimp soup 100 g",1
"Braised pork in brown sauce 80 g
Oily bean curd with chinese cabbage 65 g
Tofu with minced pork 60 g
Rice 75 g",1
"Red date porridge 100 g
Pumpkin porridge 100 g
Tomato 250 g
Apple 250 g
Steamed bun 50 g",1
"Braised radish 60 g
Potato 30 g
Chicken 20 g
Green pepper and shredded bean curd blade 55 g
Oats 40 g",1
"Steamed eggs with meat 50 g
Scrambled eggs with fungus 40 g
Lettuce 50 g
Rice 50 g",1
"Steamed bun 25 g
Egg 50 g
Milk 150 ml",1
"Steamed eggs with minced meat 50 g
Fried pork with Chinese cabbage 50 g
Vegetable 40 g
Rice 50 g
Oily bean curd 10 g
Oats 40 g",1
"Braised pork in brown sauce  20 g
Scrambled egg 50 g
Fried vegetable 50 g
Rice 50 g
Tofu soup 20 g",1
"Scrambled egg with tomato 50 g
Vegetable 60 g
Braised pork 30 g
Oiled tofu 20 g",1
"Braised big pork meatball  60 g
Rice 50 g
Cauliflower 65 g
Braised pork 81 g
Tomato fried with Chinese cabbage 50 g",1
"Red date bean paste stuffed bun 100 g
Steamed pork bun 100 g
Egg 50 g",1
"Vegetable 50 g
Braised big pork meatball  60 g 
Dried bean 40 g
Cereal 50 g",1
"Egg 50 g
Steamed bun 25 g
Milk 250 ml",1
"Scrambled shrimp with egg 70 g
Braised radish 65 g
Shredded bean curd blade 80 g
Oats 40 g",1
"Braised pork in brown sauce 80 g
Vegetable 65 g
Cauliflower 60 g
Rice 100 g",1
"Egg 50 g
Steamed bean bun 25 g
Steamed pork bun 25 g",1
"Rice 75 g
Vegetable 100 g",1
"Corn 50 g
Apple 50 g
Soup 100 g",1
"Mung bean soup 100 g
Egg 25 g
Steamed bread 50 g",1
"Coarse grain 75 g
Fish 100 g
Vegetable 100 g",1
"Steamed bun 50 g
Egg 50 g
Soybean milk 100 ml",1
"Steamed egg with salted pork 70 g
Braised shredded pork and cabbage 65 g
Braised radish 60 g
Oat 40 g",1
"Braised meat with quail egg 85 g
Yam and fungus 64 g
Chinese cabbage and oiled tofu 55 g
Rice 100 g",1
"Steamed bean curd roll 60 g
Cereal 60 g
Braised pork chop in brown sauce 60 g
Fried fungus with cucumber 50 g",1
"Shepherd's purse and tofu 53 g
Braised pork in brown sauce  75 g
Hangzhou cabbage 60 g
Rice 60 g",1
"Fish fillet 70 g
Chili sauce 55 g
Hangzhou cabbage and oil tofu 50 g
Cereal 40 g",1
"Steamed bean curd roll 60 g
Braised pork in brown sauce  75 g
Hangzhou cabbage 60 g
Rice 65 g",1
"Pumpkin 65 g
Fired chicken with potato 75 g
Shredded bean curd blade 56 g
Cereal 40 g",1
"Steamed egg with salted pork 65 g
Yam with fungus 55 g
Green vegetable 55 g
Rice 60 g",1
"Mung bean and lily soup 100 g
Green soybean 50 g
Bread 50 g",1
"Pigeon soup 150 g
Staple food 50 g",1
"Egg 50 g
Mung bean soup 100 g
Snack 50 g",1
"Egg 50 g
Steamed bun 20 g",1
"Scrambled egg with tomato 50 g
Fried mushroom with vegetable 50 g
Braised pork in brown sauce  30 g
Cereal 50 g
Tofu knot 2 g",1
"Chinese cabbage 50 g
Braised pork in brown sauce  30 g
Oil tofu 20 g
Shredded potato 50 g
Rice 30 g",1
"Tofu skin rolls with minced pork 65 g
Braised radish 60 g
Chinese cabbage 60 g
Cereal 40 g",1
"Braised pork in brown sauce  with quail egg 75 g
Scrambled egg with green pepper 65 g
Hangzhou cabbage 60 g
Rice 100 g",1
"Basa fillet 55 g
Fried slick pork with cucumber  65 g
Hangzhou cabbage 60 g
Oats 40 g",1
"Sweet and sour spare ribs 70 g
Wax gourd 65 g
Shredded pork with water bamboo 65 g
Rice 100 g",1
"Curry potato 75 g
Homemade tofu 60 g
Chinese cabbage 55 g
Cereal 40 g",1
"Braised pork in brown sauce  75 g
Rice 100 g",1
"Scrambled egg with shrimp 64 g
Cabbage and vermicelli 55 g
Chili sauce 60 g
Cereal 40 g",1
"Yam 67 g
Braised pork in brown sauce  75 g
Vegetable 70 g
Rice 100 g",1
"Mung bean soup 100 g
Staple food 50 g",1
"Cake 100 g
Soybean milk 50 g",1
"Rice 100 g
Tofu skin roll with minced pork 100 g
Towel gourd 100 g",1
"Bread and cheese 150 g
Egg 50 g 
Milk 50 g",1
Bread 150 g,1
"Steamed bun 50 g
Soybean with pork 50 g
Steamed bean curd roll 100 g",1
"Egg 50 g
Soybean milk 250 ml
Bread 80 g",1
Meat and vegetable 100 g,1
"Steamed bun 100 g
Soup 50 g
Vegetable 50 g",1
"Rice 75 g
Pork 100 g
Vegetable 50 g",1
"Mung bean soup 100 g
Bread 50 g",1
"Rice 50 g
Tofu 100 g
Vegetable 100 g",1
"Pancake 75 g
Egg 50 g
Vegetable soup 100 g",1
"Dough 75 g
Milk  250ml",1
"Seafood 100 g
Staple food 75 g",1
"Bread 25 g
Milk 100 g
Deep-fried dough stick  25 g",1
"Rice 100 g
Scrambled egg with bitter gourd  100 g
Tofu 50 g",1
"Milk and coffee 250 ml
Steamed bun 100 g",1
"Rice 75 g
Pork 50 g
Vegetable 100 g",1
"Rice 75 g
Fish 50 g
Pork 50 g
Vegetable 50 g",1
Bread 80 g,1
"Egg 50 g
Noodles 50 g",1
"Staple food 100 g
Tofu, vegetable and pork 100 g",1
"Steamed pork bun 80 g
Soybean milk 250 ml",1
"Rice 75 g
Steamed egg 50 g
Vegetable 100 g",1
"Steamed vegetable bun 75 g
Vegetable soup 250 ml",1
"Steamed pork bun 50 g
Tremella soup 100 g",1
"Soup 50 g
Rice 50 g
Vegetable 50 g",1
"Corn 200 g
Yellow croaker 200 g
Vegetable soup 100 ml",1
"Bread 25 g
Shredded cucumber 50 g
Sliced ham 10 g
Cereal 100 g
Egg 50 g",1
"Rice 75 g
Crown daisy 150 g
Tomato and egg soup 250 ml
Egg 25 g
Meatball 25 g",1
"Buckwheat noodles 100 g
Water bamboo, green soybean and celery 50 g
Crown daisy 50 g",1
"Rice in soup 100 g
Bread 25 g
Egg 50 g
Sliced ham 15 g
Pickled vegetable 10 g",1
"Buckwheat noodles 125 g
Water bamboo, shredded pork and green soybean 25 g",1
"Cold noodles 25 g
Shredded pork with green pepper 25 g",1
"Bread 25 g
Millet porridge 100 g
Egg 50 g",1
"Beef noodles 100 g
Beef soup 250 ml",1
"Steamed dumpling 50 g
Millet porridge 100 g
Egg 50 g",1
"Diced beef 25 g
Spring roll 55 g
River fish 25 g
Vegetable 50 g",1
"Cereal 50g
Egg 125 g
Steamed dumpling 75 g",1
"Rice 50 g
Hairtail 25 g
Beef and potato soup 100 g
Chinese cabbage 150 g",1
Buckwheat noodles 150 g,1
"Corn 200 g
Steamed pork dumplings 150 g
Milk 250 ml
Cereal 100 g",1
"Rice roll 100 g
Roast pork 150g
Vegetable 100 g",1
"Rice in soup 125 g
Pickled vegetable 50g",1
Buckwheat noodles 175 g,1
"Duck feet 25 g
Fried rice 75 g
Tomato 100 g",1
"Cereal porridge 100 g
Egg and cereal pancake 100 g
Fried radish with soybean 100g",1
"Amaranth 75 g
Salted goose 5 g
Pork rib soup 250 ml
Fried rice with egg 50 g",1
"Soybean milk and cereal 250ml
Corn 200 g
Grain pancake 100g",1
"Buckwheat noodles 150 g
Salted duck 50 g",1
"Vegetarian noodles with mushroom 150 g
Fried pork chop 25 g",1
"Soymilk and cereal and egg 100 g
Fried noodles with bacon 100 g",1
"Noodles 75 g
Sliced ham 10 g
Sushi 40 g",1
"Fried noodles 100 g
Corn 50 g",1
"Bacon and scallion pancake 75 g
Fungus soup 100 g",1
"Meat rice dumpling 125 g
Fried beef with water bamboo and green pepper and green soybean 50 g",1
"Vegetable 75 g
Beef 30 g
Noodles 25 g
Spring roll 20 g",1
"Chinese chive pockets 100 g
Stuffed sticky rice ball 75 g
Mung bean soup 75 g",1
"Vegetable and rice 75 g
Vegetable 100 g
Beef 15 g
Fish soup 150 ml
Sliced boiled chicken 20 g",1
"Pumpkin 70 g
Peanut 50 g
Scrambled egg with tomato 100 g
Rice 100 g",1
"Whole wheat bread 50 g
Milk 200 g
Boiled duck egg 35 g
Cucumber 90 g",1
"Duck egg 25 g
Cereal 18 g
Chinese herbal medicine 300 g",1
"Rice 140 g
Cucumber 70 g
Fish with green pepper 90 g
Fried pork with bitter gourd 120 g",1
"Rice 150 g
Cucumber 50 g
Fish 90 g
Bitter gourd 100 g",1
"Whole wheat bread 50 g
Boiled cucumber 50 g
Boiled duck egg 35 g",1
"Cereal 20 g
Duck egg 20 g
Potato 100 g
Rice 100 g
Fish 70 g
Water bamboo 100 g
Vegetable 100 g",1
"Rice 120 g
Vegetable 200 g
Tomato and egg 120 g
Water bamboo 50 g
Pear 50 g",1
"Corn 400 g
Cucumber 100 g
Milk 200 g",1
Corn 100 g,1
"Shrimp 40 g
Rice 100 g
Cereal 20 g 
Duck egg 70 g
Eggplant 150 g",1
"Tomato and egg 150 g
Vegetable 80 g
Shrimp 40 g
Rice 150 g",1
"Whole wheat bread 50 g
Boiled cucumber 70 g
Duck egg 35 g
Milk 100 g",1
"Eggplant 50g
Pancake 90 g
Potato 50 g
Duck 20 g",1
"Shrimp 30 g
Rice 120 g
Oats porridge 150 ml
Lotus root soup 70 g
Vegetable 70 g",1
"Shrimp 50 g
Dried radish 10 g
Pork rib and lotus root soup 250 ml
Rice 100 g
Oats porridge 150 ml",1
"Hot-dry noodles with sesame paste 120 g
Shrimp 40 g
Vegetable 30 g",1
"Milk 200 g
Steamed bun 50 g
Duck egg 30 g
Cucumber 50 g",1
"Duck meat 40 g
Rice 100 g
Cereal 150 ml
Fish 30 g",1
"Rice 150 g
Duck meat 50 g
Lettuce 50 g
Duck egg 25 g
Vegetable 50 g",1
"Steamed bun 70 g
Milk 200 g",1
"Rice 150 g
Fish 30 g
Vegetable 50 g
Long bean 50 g",1
"Rice 150 g
Fish 50 g
Salted egg 50 g
Vegetable 50 g",1
"Steamed bun 60 g
Milk 200 g
Duck egg 50 g",1
"Rice 100 g
Oats porridge 100 g
Duck 30 g",1
"Rice 100 g
Duck 30 g
Vegetable 100 g",1
"Steamed bun 70 g
Milk 200 g
Egg 30 g",1
"Rice 120 g
Eggplant 50 g
Fish 30 g
Lotus root 50 g",1
"Fish 50 g
Vegetable 100 g
Eggplant 50 g
Rice 150 g",1
"Steamed bun 70 g
Duck egg 50 g
Milk 200 g",1
"Rice 150 g
Pork rib 100 g
Vegetable 100 g",1
Biscuit 30 g,1
"Steamed bun 50 g
Duck egg 50 g
Milk 200 g",1
"Rice 150 g
Vegetable 100 g
Fish 40 g",1
"Rice 150 g
Potato 100 g
Fish 40 g",1
"Steamed bun 50 g
Duck egg 70 g
Milk 200 g",1
"Pork rib and lotus root soup 150 ml
Rice 120 g
Cucumber 50 g
Fish 10 g",1
Biscuit 50 g,1
"Rice 100 g
Soup 250 ml",1
"Rice 100 g
Scrambled tomato and egg 50 g
Potato and green bean 50 g
Vegetable 50 g
Yellow croaker 50 g",1
"Steamed bun 50 g
Milk 250 g
Egg 50 g",1
"Steamed bun 50 g
Milk 250 g
Egg 50 g
Sugar free pork floss 10 g",1
"Steamed vegetable bun 100 g
Egg 50 g
Milk 250 g",1
"Steamed vegetable bun 80 g
Egg 50 g
Milk 250 g",1
"Fish pieces 30 g
Steamed salted pork in wine 20 g
Tofu 30 g
Cucumber 20 g
Tomato and cabbage 30 g
Rice 80 g",1
"Fish cube 30 g
 Steamed salted pork in wine 20 g
Tofu 30 g
Cucumber 20 g
Tomato and cabbage 30 g
Rice 80 g",1
"Chinese pancake 150 g
Egg 50 g
Milk 250 g",1
"Wax gourd and tomato 35 g
Sliced pork 25 g
Tofu 15 g
Green bean 50 g
Mushroom and carrot 20 g
Shrimp 30 g
Rice 80 g",1
"Rice cake 30 g
Egg 50 g
Bread 45 g
Milk 250 ml",1
"Coarse grain 100 g
Steak 120 g
Hairtail 100 g
Zucchini 100 g",1
"Wax gourd soup 100 ml
Shredded pork with water bamboo 80 g
Fried vegetable 100 g
Coarse grain 100 g",1
"Bread 50 g
Egg 100 g
Soybean milk 175 ml",1
"Mixed rice 128 g
Mushroom and beef 60 g
Rice 60 g
Dehydrated vegetable 8 g",1
"Fried pork with onion 100 g
Cucumber and okra 150 g
Broccoli 50 g
Sea cucumber 45 g
Tomato and wax gourd soup 100 ml
Coarse grain 100 g",1
"Bread 50 g
Soybean milk 175 ml
Egg 100 g",1
"Noodles mixed with  butter 100 g
Beef and king oyster mushroom 150 g
Shrimp with black truffle 100 g
Cucumber 100 g",1
"Coarse grain 100 g
Wax gourd and salted pork soup 100 ml
Fried pork slices with cabbage 100 g
Corn, green bean, carrot, and pine nut 150 g
Roast lamb chops with onion 200 g
Fish 100 g",1
"Whey protein wafer bar 40 g
Egg 50 g
Water 200 ml",1
"Konjak cold noodles 150 g
Celery and dried bean curd and shredded beef 100 g
Minced pork with eggplant 100 g",1
"Chicken and wax gourd soup 100 ml
Coarse grain 100 g
Fried eggplant 50 g",1
"Sliced beef 95 g
Egg 55 g
Coarse grain 105 g
Fried pork with cabbage 120 g",1
"Wafer bar 40 g
Egg 50 g
Water 200 ml",1
"Mix noodles 100 g
Tomato 60 g",1
"Hairtail 100 g
Sliced boiled chicken 100 g
Snail 50 g
Scallop 50 g",1
Seafood 200 g,1
Seafood 210 g,1
"Steak 120 g
Sausage 50 g
Tomato and egg soup 100 ml
Fried needle mushroom 100 g",1
"Scallion oil noodles 120 g
Corn soup 100 ml
Green vegetable and mushroom 100 g
Spicy pork 80 g",1
"Red hairy hermit crab 500 g
Emperor crab 200 g
Steak 120 g",1
"Mixed rice 100 g
Shredded beef with long bean 150 g
Cabbage 80 g",1
Yellow croaker noodles 150 g,1
Vegetable salad 120 g,1
"Soy flour pancake 30 g
Thin egg pancake 40 g
Water 200 ml",1
"Mixed coarse grain with beef and onion 270 g
Salted shrimp 200 g
Lettuce with oyster sauce 100 g",1
"Wafer bar 288 g
Chicken meatball 100 g
Water 200 ml",1
Noodles with beef and scallion oil 100 g,1
"Wafer bar 288 g
Water 200 ml",1
"Konjak cold noodles mixed with peanut butter 180 g
Fried gluten puff  80 g
Vegetable and mushroom 120 g",1
"Fried tasty snail 100 g
Abalone 50 g
Egg yolk, Chicken wing and fish 100 g",1
"Shrimp dumpling 40 g
Wonton stuffed with corn and pork 50 g",1
"Pig feet 40 g
Sausage 20 g
Pig liver 50 g
Fried zucchini 100 g",1
"Steak 120 g
Sausage 20 g
Onion ring 40 g",1
"Asparagus 80 g
Three yellow chicken 150 g
Chicken soup 100 ml",1
"Scrambled egg with tomato 100 g
Fried pork with water bamboo 120 g
Braised bream 100 g
Shrimp 80 g",1
"Peanut butter 20 g
Konjak cold noodles 50 g
Bread 50 g
Scrambled egg with tomato 100 g
Shrimp 40 g",1
Roast pork 200 g,1
"Shrimp 50 g
Vegetable 50 g
Laver soup 50 g
Scrambled egg 50 g",1
"Egg 50 g
Vegetable 100 g
Plum 150 g",1
"Rice 50 g
Tofu skin rolls with minced pork 30 g
Fried egg with onion 50 g",1
"Cowpea 50 g
Rice 50 g
Fish and eggplant 50 g",1
"Egg 100 g
Vegetable 50 g
Cake 50 g",1
"Hairtail 50 g
Vegetable 50 g
Rice 50 g
Peach 50 g",1
Spicy hot pot 300 g,1
"Duck head 50 g
Grape 10 g",1
"Egg 100 g
Cake 20 g
Vegetable 100 g",1
Plum 150 g,1
"Rice 50 g
Beef 50 g
Shrimp 20 g",1
"Braised pork with bamboo shoots 50 g
Pizza 150 g
Grape 20 g",1
"Egg 50 g
Vegetable 50 g
Cake 50 g",1
Rice and pickles 100 g,1
"Cauliflower 50 g
Fish 50 g
Pork 50 g
Vegetable 50 g",1
Egg 100 g,1
Peach 150 g,1
"Duck 50 g
Rice 100 g
Vegetable 50 g
Peach 150 g
Egg tart 100 g",1
"Egg 50 g
Steamed bean bun 80 g",1
Rice cake 80 g,1
Hot pot 300 g,1
"Egg 100 g
Sugar free sticky rice cake 80 g",1
"Corn 150 g
Sticky rice cake 80 g",1
"Corn 50 g
Rice 50 g
Steamed gluten 50 g
Vegetable 50 g
Egg soup 100 ml",1
"Apple 125 g
Sticky rice cake 80 g",1
"Noodles 100 g
Peach 60 g",1
"Fried rice 100 g
Braised bamboo shoots 50 g",1
Fungus 80 g,1
"Corn 50 g
Fungus 80 g",1
"Steamed pork bun 120 g
Egg 50 g
Milk 250 ml",1
"Noodles 100 g
Pork rib 50 g",1
"Towel gourd 120 g
Scrambled egg with tomato 120 g
Beer 650 ml
Vegetable and rice 100 g",1
"Rye bread 100 g
Milk 188 g",1
"Milk 250 ml
Rye bread 100 g",1
"Dumpling 230 g
Beer 330 ml",1
Noodles 250 g,1
"Beer 500 ml
Cucumber 100 g
Lamb chop 130 g
Vegetable 100 g",1
Vegetable stuffed wonton 200 g,1
"Beer 330 ml
Cucumber 100 g
Tofu 50 g
Pork chop 80 g",1
"Beer 630 ml
Cucumber 250 g
Duck 100 g
Tofu 100 g",1
"Cucumber 50 g
Tomato 80 g
Egg 30 g
Rye bread 50 g",1
"Rye bread 50 g
Cucumber 50 g
Plum 40 g",1
"Beer 500 ml
Cucumber 300 g
Pork chop 150 g",1
"Cucumber 80 g
Egg 100 g
Tomato 200 g
Bread 50 g",1
"Braised pork with preserved vegetable in soya sauce 40 g
Cauliflower 30 g
Vegetable 50 g",1
"Beer 650 ml
Green onion 50 g
Chicken 50 g",1
"Cereal 50 g
Steamed vegetable bun 40 g
Egg 30 g",1
"Beer 330 ml
Cucumber 120 g
Nut 30 g",1
"Beer 650 ml
Cucumber 80 g
Tofu 40 g
Pork rib 50 g",1
"Egg 60 g
Dumpling 60 g",1
"Beer 320 ml
Cucumber 80 g
Towel gourd 20 g
Beef 30 g
Steamed gluten 40 g
Pork 30 g",1
"Egg 45 g
Dumpling 60 g",1
"Pork rib 60 g
Minced garlic 50 g
Rice 20 g
Cabbage 50 g",1
"Boiled egg 50 g
Pan-fried dumplings 50 g
Durian 30 g
Peach 300 g",1
"Beer 330 ml
Cucumber 60 g
Green onion 40 g
Pork 60 g
Peach 300 g",1
"Beer 330 ml
Cucumber 60 g
Green onion 60 g
Chicken 60 g
Jellyfish 40 g",1
"Pan-fried dumplings 100 g
Egg 40 g
Fungus 400 g",1
"Beer 330 ml
Pumpkin 80 g
Scrambled egg 60 g",1
"Beer 320 ml
Pumpkin 80 g
Green onion 60 g
Pork 50 g
Chicken 40 g",1
"Egg 30 g
Pan-fried dumplings 50 g
Tofu pudding 30 g",1
"Noodles served with sauce 100 g
Beef 50 g",1
"Steamed twisted roll 100 g
Egg white 25 g
Milk 220 ml",1
"Rice 50 g
Braised pork with tofu skin knot 50 g
Vegetable 50 g
Fried vermicelli 50 g",1
"Sweet potato 100 g
Taro 100 g
Corn 100 g
Vegetable 100 g
Fish 50 g",1
Tomato and egg noodles 150 g,1
"Taro 100 g
Sweet potato 50 g
Cereal 100 g",1
"Vegetable 200 g
Corn 200 g
Beef and onion 40 g",1
"Taro 80 g
Egg white 50 g",1
"Chicken leg 80 g
Water spinach 50 g
Vermicelli 50 g
Rice 50 g",1
"Green bean 50 g
Water spinach 20 g
Vegetable 270 g
Fish 40 g
Corn 80 g
Wax gourd 100 g",1
"Beef patty 142 g
Bread 80 g",1
"Duck soup 100 g
Green soybean 80 g
Water spinach 50 g
Coarse grain 50 g",1
"Duck meat 50 g
Coarse grain 50 g
Lotus root 50 g
Vegetable 100 g
Corn 80 g",1
Pork patty 100 g,1
"Noodles served with sauce 100 g
Chicken 100 g",1
"Corn 150 g
Shrimp 50 g
Fish 50 g
Sword bean 80 g",1
"Steamed vermicelli bun 100 g
Egg 50 g",1
"Beef with potato 80 g
Rice 50 g
Bean sprout 50 g
Cauliflower 50 g",1
"Corn 150 g
Hairtail 80 g
Vegetable 100 g",1
"Steamed pork bun 100 g
Deep-fried dough stick 50 g
Egg white 25 g",1
"Shrimp 100 g
Water spinach 50 g
Rice 50 g
Mapo tofu 50 g",1
"Chicken 180 g
Chongqing style boiled blood curd 150 g
Vegetable 100 g",1
"Shredded radish pancake 100 g
Egg 50 g",1
"Fish 50 g
Coarse grain 50 g
Pork rib 80 g
Clam 50 g
Vegetable 80 g
Corn 80 g",1
"Dried bean curd salad 80 g
Yam and fungus 50 g
Rice 50 g",1
"Corn 200 g
Pork 80 g
Shrimp 50 g
Yam 80 g
Okra 50 g",1
"Taro 100 g
Apple cider vinegar 100 g
Egg white 50 g",1
"Pork meatball 100 g
Cabbage 50 g
Sword bean 80 g
Rice 50 g",1
"Pork rib soup 50 g
Sweet bean 50 g
Coarse grain 50 g
Corn 100 g
Pork rib 80 g
Eggplant 40 g",1
"Bread 110 g
Ham sausage 40 g
Milk 250 ml",1
"Noodles 150 g
Egg 50 g
Eel and water bamboo 50 g",1
"Noodles 150 g
Shrimp 56 g
Vegetable 50 g
Tomato 60 g
Watermelon 290 g",1
"Steamed bun 100 g
Milk 250 ml",1
"Bread 100 g
Melon 340 g",1
"Wonton 260 g
Ham sausage 40 g
Chicken feet 50 g
Watermelon 178 g",1
"Cereal 75 g
Milk 250 ml
Melon 240 g",1
"Bread 140 g
Ham sausage 40 g",1
"Bread 120 g
Ham sausage 40 g
Grape 100 g",1
"Bread 100 g
Corn 167 g
Chicken fillet 47 g",1
"Cod burger 200 g
Chicken fillet 64 g",1
"Noodles 120 g
Watermelon 250 g",1
"Cereal 80 g
Milk 250 ml",1
Wonton 380 g,1
"Rice 50 g
Vegetable 70 g
Dried bamboo shoots 30 g
Fish 55 g
Soup 100 g",1
"Cereal 75 g
Ham sausage 40 g
Melon 177 g",1
"Rice 70 g
Fish 60 g
Bamboo shoot 50 g
Vegetable 30 g
Borscht soup 50 g
Corn 70 g",1
"Rice 50 g
Vegetable 70 g
Bamboo shoots 50 g
Dried egg 25 g
Crab 60 g
Soup 300 g",1
"Rice 150 g
Ham sausage 40 g
Pickled cabbage 7.5 g
Peach 430 g",1
"Noodles 90 g
Ham sausage 40 g
Mangosteen 47 g",1
"Bread 55 g
Shrimp 86 g
Biscuit 20 g",1
"Bread 114 g
Ham sausage 40 g
Shrimp 74 g",1
"Noodles 120 g
Eel shreds 75 g
Vegetable 25 g
Egg 50 g",1
"Rice 100 g
Radish 25 g
Bean 50 g
Shrimp 47 g
Fish 110 g
Dried fish fillet 10 g",1
"Cereal 75 g
Milk 250 ml
Fish intestines 60 g
Yellow peach 300 g",1
"Biscuits 57 g
Dried pork 20 g
Fish intestines 15 g
Melon 290 g",1
"Rice 50 g
Vegetable 110 g
Fried egg with water bamboo 50 g
Beef with onion 80 g
Egg soup 100 g",1
"Cereal 100 g
Milk 250 ml
Fish intestines 45 g",1
"Rice 75 g
Beef 100 g
Water bamboo 50 g",1
Noodles 130 g,1
"Cereal 60 g
Milk 250 ml",1
Steamed beef bun 144 g,1
"Fish intestines 15 g
Beer 100 ml
Noodles 50 g
Vegetable 100 g
Cake 50 g",1
Vegetable cake 140 g,1
"Rice 120 g
Cake 60 g
Peach 50 g
Vegetable 50 g
Pineapple 120 g",1
"Crab 120 g
Vegetable 70 g",1
"Pancake 214 g
Plum 245 g",1
"Rice 50 g
Vegetable 100 g
Egg 50 g
Pork soup 50 g",1
"Plum 210 g
Watermelon 340 g",1
"Vegetable 50 g
Tofu 100 g
Fish 100 g
Crawfish 20 g
Bean cake 75 g
Spring roll 40 g
Steamed meat bun 25 g",1
"Rice 150 g
Laver 8 g",1
"Rice 150 g
Shrimp 50 g
Laver 8 g
Plum 350 g",1
Plum 375 g,1
"Rice 100 g
Vegetable 80 g
Pork 80 g",1
"Rice 150 g
Pork 70 g
Laver 8 g",1
"Rice cake 190 g
Pork 90 g
Plum 60 g",1
"Rice 60 g
Shellfish 32 g
Fish 76 g
Vegetable 150 g",1
Cheese bun 192 g,1
"Wonton 300 g
Grape 100 g",1
"Fish 127 g
Milk tea 593 g",1
Pancake 254 g,1
"Chicken 150 g
Grape 120 g
Watermelon 317 g",1
"Rice cake 42 g
Crab 18 g
Vegetable 120 g
Beef 23 g
Egg 19 g
Chicken feet 14 g",1
"Cereal 80 g
Milk 250 ml
Ham sausage 48 g",1
"Bread 70 g
Vegetable 110 g
Egg 25 g
Potato soup 180 g",1
"Vegetable 130 g
Egg 76 g
Chicken feet 12 g
Beef 22 g",1
"Oats 42 g
Ham sausage 48 g
Milk 250 ml",1
Banana 150 g,1
"Rice 100 g
Fish 80 g
Vegetable 70 g",1
Watermelon 358 g,1
"Rice 55 g
Fish 146 g
Vegetable 120 g",1
"Oat stick 84 g
Banana 84 g
Peach 259 g",1
"Pumpkin porridge 408 g
Vegetable 211 g
Peach 256 g",1
"Rice 60 g
Vegetable 170 g
Fish 110 g",1
"Oat stick 126 g
Milk 250 ml
Peach 295 g",1
Peach 296 g,1
"Fish 196 g
Vegetable 200 g",1
"Bread 111 g
Milk 250 ml
Peach 216 g",1
"Bread 131 g
Ham sausage 48 g",1
"Rice 80 g
Vegetable 200 g
Shrimp 23 g
Soup 190 g",1
"Bread 117 g
Milk 250 ml
Peach 177 g",1
"Rice 75 g
Vegetable 272 g
Fish 38 g",1
Plum 230 g,1
Watermelon 346 g,1
"Rice 50 g
Vegetable 260 g
Fish 35 g
Plum 242 g",1
"Bread 92 g
Milk 250 ml
Plum 279 g",1
"Rice 100 g
Fish 130 g",1
Orange 263 g,1
"Cake 32 g
Grape 82 g
Watermelon 189 g",1
"Bread 152 g
Milk 250 ml
Ham sausage 48 g",1
"Bread 106 g
Ham sausage 48 g",1
Water chestnut 107 g,1
"Vegetable 200 g
Shrimp 65 g",1
Oily bean curd and vermicelli soup 261 g,1
"Steak 90 g
Buckwheat bread 80 g",1
"Egg 50 g
Cereal 40 g
Buckwheat bread 40 g",1
"Sandwich 130 g
Egg 100 g",1
"Sugar 20 g
Biscuit 20 g",1
"Fried egg with fungus 100 g
Chicken nugget 80 g
Shredded pork with Chinese cabbage 100 g
Tofu soup 80 g
Cake 50 g",1
"Green pepper 80 g
Cucumber 100 g",1
"Egg 50 g
Steamed vegetable bun 120 g
Millet porridge 50 g",1
"Vegetable 20 g
Tofu 50 g
Duck 50 g
Vegetable and rice 20 g",1
Wonton 150 g,1
"Steamed pork bun 100 g
Egg 100 g",1
"Chicken leg 50 g
Cauliflower 50 g
Beef and potato 50 g",1
"Fried squid with celery 100 g
Shrimp 50 g
Melon seeds 30 g",1
"Steamed pork bun 100 g
Egg 50 g
Cereal 50 g",1
"Shredded potato 50 g
Rice 20 g
Pork feet 52 g
Tofu 50 g",1
Sugar free cake 55 g,1
"Fried shredded pork with green pepper 60 g
Shredded pork with vegetable 60 g
Braised wax gourd 60 g",1
"Bread 100 g
Egg 50 g
Cereal 100 g",1
Roast pork,1
"Pumpkin paste 60 g
Steamed vegetable bun 25 g
Fermented rice cake 120 g
Egg 50 g",1
"Duck and vermicelli soup 112 g
Oil pastry 50 g",1
"Coarse grain 100 g
Steamed  bun 50 g
Cucumber 60 g",1
"Coarse grain porridge 80 g
Steamed pork bun 80 g
Egg 50 g",1
"Rice 50 g
Lettuce 50 g
Shrimp 50 g
Sheet jelly 50 g
Soup 250 ml
Sugar 10 g
Biscuit 10 g",1
"Scrambled egg with tomato 30 g
Water spinach 30 g
Pig liver with green pepper 30 g
Coarse grain 20 g
Cucumber 30 g",1
"Ice cream 10 g
Melon seed 10 g
Peach 60 g",1
"Steamed pork bun 100 g
Egg 50 g
Milk 100 ml",1
"Abalone 150 g
Biscuit 10 g
Cantaloupe 30 g",1
"Chicken 80 g
Fish 100 g
Grape 40 g",1
"Soyben milk 100 ml
Steamed pork bun 80 g
Egg 50 g",1
"Fried gluten puff 60 g
Eggplant 50 g
Rice 10 g",1
"Wax gourd 20 g
Water spinach 30 g
Cucumber 30 g
Broad sweet bean and sausage 20 g",1
"Steamed pork bun 100 g
Soymilk 100 ml",1
Sugar 50 g,1
Beef 100 g,1
"Poach egg 50 g
Fried squid with vegetable 50 g
Cucumber 50 g
Wax gourd 50 g
Fried garlic with duck blood curd 50 g
Ice cream 50 g",1
"Vegetable 50 g
Boiled pork 100 g
Rice 20 g",1
Pear 200 g,1
Hot pot 400 g,1
Banana 80 g,1
"Wonton 100 g
Whole wheat bread 100 g
Plum juice 100 g",1
Pear 50 g,1
"Watermelon 120 g
Egg 55 g
Wonton 60 g
Cake 50 g
Pumpkin 50 g
Yogurt 100 ml",1
"Shrimp 100 g
Yellow croaker 100 g
Durian cake 60 g",1
"Beef 50 g
Egg 55 g
Sticky rice cake 50 g",1
"Pan-fried dumplings 150 g
Soybean milk 100 g",1
"Fried egg with leek 50 g
Golden melon 50 g
Crab 50 g
Towel gourd and soybean 100 g
Rice 50 g
Yellow rice wine 250 g",1
"Potato 100 g
Beef and onion 50 g
Salted peanut 100 g
Lettuce 100 g
Yellow rice wine 300 ml",1
"Steamed pork bun 75 g
Egg 50 g",1
Pork mooncake 150 g,1
"Shredded golden melon 100 g
Towel gourd and soybean 100 g
Fish 100 g
Peanut 50 g
Yellow rice wine 300 ml
Rice 50 g",1
Coarse grain bread 100 g,1
"Lettuce 50 g
Fish 100 g
Onion and beef 100 g
Shredded pork and celery 80 g",1
"Steamed pork bun 100 g
Egg 50 g",1
"Lettuce 80 g
Pig ear 50 g
Peanut 50 g
Fish 100 g
Beer 750 ml",1
"Clam 100 g
Steamed fish head 120 g
Pig ear 50 g
Yellow rice wine 300 ml",1
"Beer 750 ml
Lettuce 50 g
Jellyfish head 50 g
Pig lung 60 g
Fish 100 g",1
"Lettuce 500 g
Fish 100 g
Swimming crab 400 g
Peanut 50 g
Beer 300 ml",1
"Steamed twisted roll 120 g
Soup 250 ml",1
"Rice 150 g
Lettuce 50 g
Salted egg 60 g",1
"Three kinds of cold mixed vegetables 50 g
Fish 100 g
Rice 100 g
Pork and soybean 150 g
Wax gourd soup 100 ml
Celery 100 g",1
"Shredded pork with leek sprout 100 g
Tomato and egg soup 120 ml
Cabbage 100 g
Rice 100 g",1
"Fish 100 g
Roast duck 120 g
Towel gourd soup 150 ml
Cauliflower 100 g
Fried egg with leek sprout 100 g",1
"Vegetable 100 g
Pork rib 120 g
Rice 100 g
Duck pieces 50 g
Steamed gluten 50 g",1
"Fish 100 g
Wax gourd soup 100 ml
Scrambled egg with towel gourd  100 g
Pig foot 50 g
Yellow rice wine 400 ml",1
Noodles in vegetable soup 350 g,1
"Meatball 50 g
Braised pork in brown sauce  100 g
Fish 100 g
Yellow rice wine 300 ml",1
Noodles 120 g,1
"Chinese cabbage 50 g
Steamed bean curd roll 100 g
Shrimp 80 g
Rice 100 g",1
"Beef in sour soup 180 ml
Crab 125 g
Rice cake 50 g
Yellow rice wine 400 ml
Okra 50 g",1
"Lettuce 50 g
Fish 100 g",1
"Hamburger 150 g
Chicken leg 100 g",1
"Egg soup 100 ml
Steamed bun 100 g",1
"Fish 100 g
Rice 100 g",1
"Hamburger 150 g
Fried chicken nugget 150 g",1
Coarse grain pancake 80 g,1
"Soybean milk 500 ml
Steamed vegetable bun 80 g
Egg 60 g",1
"Millet porridge 500 g
Tofu skin rolls with minced pork 20 g
Vegetable 30 g",1
Lettuce 400 g,1
"Milk 250 ml
Pumpkin 400 g
Egg 60 g",1
"Millet porridge 100 g
Dried bean curd and potato 20 g
Spring chicken 20 g
Wax gourd and soybean 40 g",1
Wax gourd and soybean 300 g,1
"Egg 40 g
Sweet and sour ginger 5 g
Soybean milk 400 ml
Beef patty 150 g",1
"Boiled shrimp 60 g
Rice 50 g
Pumpkin 10 g
Chicken leg 30 g
Cabbage 200 g",1
"Boiled shrimp 50 g
Cabbage 50 g",1
"Egg 40 g
Sweet and sour ginger 5 g
Pumpkin cake 50 g
Walnut 20 g",1
"Coarse grain 80 g
Dried bean curd 250 g
Meatball 40 g
Vegetable 150 g",1
"Vegetable 60 g
Oyster 200 g",1
"Scallion pancake 60 g
Egg 60 g
Soybean milk 300 ml
Nut 25 g
Ginger 5 g",1
"Coarse grain 150 g
Shrimp 50 g
Cabbage 200 g
Pork rib 70 g
Wax gourd 100 g",1
"Meatball 40 g
Cabbage 60 g
Fried mushroom 200 g",1
"Pumpkin cake 60 g
Walnut 30 g
Ginger 5 g
Egg 30 g",1
"Hamburger 200 g
Chicken nugget 100 g",1
"Tomato 50 g
Lettuce 50 g
Egg soup 300 g",1
"Milk 240 ml
Salted biscuit 20 g
Walnut 20 g
Egg 60g",1
"Coarse grain 50 g
Steamed bun 150 g
Dried bean curd 35 g
Dried sweet potato 100 g",1
"Pork rib 100 g
Wax gourd 50 g
Dried bean curd 50 g
Vegetable 100 g",1
"Soybean milk 600 ml
Egg 40 g
Salted biscuit 20 g
Sweet potato 80 g
Ginger 5g",1
"Coarse grain 100 g
Tomato and egg soup 50 g
Salted egg 50 g",1
"Egg 40 g
Sweet potato 60 g
Scallion pancake 80 g",1
"Coarse grain 300 g
Fish 300 g
Pumpkin 100 g
Spinach 300 g",1
"Tomato, needle mushroom egg soup 500 g",1
"Steamed vegetable bun 100 g
Egg 40 g
Sweet potato 30 g
Ginger 5 g",1
"Coarse grain 50 g
Fish 300 g
Dried bean curd 50 g
Fried spinach 100 g",1
Steamed bun stuffed with preserved vegetable 60 g,1
"Steamed vegetable bun 60 g
Ginger 5 g
Egg 40 g
Dried bean curd 30 g
Soybean milk 300 ml",1
"Coarse grain 50 g
Fish 100 g
Tofu 100 g
Spinach 50 g
Pumpkin 50 g",1
"Buckwheat noodles 75 g
Vegetable 15 g
Egg 40 g
Potato 30 g",1
"Buckwheat bread 30 g
Milk 110 ml
Egg 40 g",1
"Buckwheat bread 20 g
Vegetable 200 g
Shredded pork 100 g",1
Grapefruit 60 g,1
"Coarse grain noodles 30 g
Steamed fish 60 g
Vegetable 80 g",1
"Buckwheat bread 30 g
Milk 100 ml
Egg 40 g",1
"Steamed Coarse grain bread 20 g
Steamed fish 100 g
Spinach 150 g",1
"Buckwheat bread 20 g
Spinach and shredded pork soup 15 g
Hairy crab 150 g",1
"Buckwheat bread 25 g
Milk 100 ml
Spinach 150 g
Salted egg 50 g",1
"Noodles 30 g
Shredded pork with celery 30 g",1
"Coarse grain 50 g
Egg dumpling 40 g
Cabbage, fungus and bamboo shoots 300 g",1
"Buckwheat noodles 150 g
Boiled egg 40 g",1
"Shredded pork with cabbage 150 g
Vegetable and rice 20 g
Shepherd's purse and tofu soup 30 g",1
"Coarse grain 15 g
Vegetable 20 g
Egg dumpling 20 g
Meatball 50 g",1
"Buckwheat bread 80 g
Salted egg 50 g
Milk 100 ml",1
"Coarse grain 60 g
Pork chop 80 g
Medicago polymorpha 150 g",1
"Coarse grain 20 g
Shrimp 10 g
Meatball 35 g
Vegetable 250 g",1
"Buckwheat bread 50 g
Salted egg 60 g
Milk 100 ml",1
"Buckwheat noodles 200 g
Vegetable 120 g
Sweet potato 30 g",1
"Coarse grain 30 g
Salted goose 100 g
Medicago polymorpha 50 g
Shepherd's purse and shredded bamboo shoots soup 100 g",1
"Soybean milk 150 ml
Tea egg 50 g
Baked cake 80 g
Rice cake 70 g",1
"Buckwheat bread 53 g
Boiled egg 40 g
Salted egg 72 g
Milk 100 ml",1
"Vegetable 100 g
Clam 50 g
Wonton 50 g
Coarse grain 50 g",1
"Milk 80 g
Buckwheat bread 30 g
Egg 40 g
Cucumber 80 g",1
Buckwheat noodles 120 g,1
"Coarse grain 100 g
Shrimp 10 g
Clam 15 g
Chinese cabbage 20 g
Vegetable 15 g",1
"Wonton 100 g
Egg 40 g
Milk 100 ml",1
"Buckwheat noodles 100 g
Clams with vegetable 100 g",1
"Duck soup 150 g
Vegetable 100 g
Coarse grain 100 g",1
"Buckwheat bread 15 g
Boiled egg 40 g
Milk and coffee 100 ml",1
"Buckwheat noodles 150 g
Vegetable 100 g",1
"Coarse grain 100 g
Duck soup 100 g
Vegetable 80 g",1
"Baked pancake 100 g
Boiled egg 40 g
Soybean milk 150 ml",1
"Buckwheat noodles 100 g
Vegetable 50 g",1
"Coarse grain 60 g
Pork meatball 50 g
Vegetable 60 g
Pomfret 80 g",1
"Noodles 200 g
Vegetable 60 g
Boiled egg 40 g
Milk 100 ml",1
"Buckwheat noodles 150 g
Vegetable and pork meatball 150 g",1
"Buckwheat bread 60 g
Vegetable and pork meatball 70 g",1
"Buckwheat bread 75 g
Boiled egg 40 g
Salted egg 50 g
Coffee 100 ml",1
"Buckwheat noodles 100 g
Vegetable 60 g
Meatball 30 g",1
"Coarse grain 100 g
Bitter gourd 80 g
Yellow croaker 60 g
Radish and pork rib soup 30 g",1
"Millet porridge 200 g
Whole wheat bread 20 g
Egg 40 g
Cucumber 40 g",1
Kiwi 40 g,1
"Chicken 75 g
Fish 30 g
Rice noodle soup 100 g",1
"Black rice 120 g
Vegetable stuffed pork meatball 100 g",1
"Milk 200 g
Steamed bun 50 g",1
Kiwi fruit 40 g,1
Noodles 200 g,1
Milk and coffee and cake 50 g,1
"Black rice 100 g
Steamed egg with dried shredded vegetable 50 g",1
"Soymilk 150 g
Coarse grain pancake with egg 150 g",1
"Shredded radish pancake 150 g
Wax gourd and tomato 150 g",1
"Black rice 150 g
Vegetable 100 g
Fish 50 g",1
"Soybean milk 50 g
Biscuit 15 g",1
"Sweet bread 160 g
Coconut juice 300 ml
Fermented milk 250 g",1
"Beef 200 g
Noodles 100 g",1
"Pear 100 g
Milk 80 ml",1
"Fresh milk 400 ml
Steamed bread 50 g
Egg 50 g
Peach 100 g
Green pepper and egg 50 g",1
"Milk tea 500 ml
Beef hamburger 100 g",1
Coconut juice 50 ml,1
Japanese food 300 g,1
Pear 80 g,1
"Coarse grain Soybean milk 300 g
Steamed bun 50 g
Egg 50 g
Sweet potato 100 g
Peach 50 g",1
"Spaghetti 100 g
Mutton 100 g
Fruit 200 g",1
Grape 20 g,1
"Egg and glutinous rice balls and egg in fermented rice wine 100 g
Steamed beaf bun 30 g
Apple 50 g",1
"Rice 100 g
Vegetable 100 g
Braised pork in brown sauce  50 g",1
Chicken breast 250 g,1
"Soybean milk 300 ml
Steamed bun 25 g
Pear 50 g
Scrambled egg with green pepper 50 g",1
"Rice 100 g 
Vegetable 300 g",1
Seafood porridge 1200g,1
"Soybean milk 300 ml
Dumpling 40 g
Egg white 25 g
Sweet potato 50 g",1
"Steamed stuffed bun 60 g
Porridge 300 ml
Duck leg 50 g",1
"Steamed stuffed bun 60 g
Lotus nut porridge 200 ml
Duck 20 g
Pear 100 g",1
Orange 400 ml,1
Chicken noodle soup  200 g,1
Milk 400 ml,1
"Cereal 400 g
Egg 50 g
Pear 80 g",1
Snacks 300 g,1
Lemon tea 500 ml,1
Tea 500 ml,1
"Rice 100 g
Vegetable 100 g
Chicken soup 400 ml",1
"Soybean milk 400 ml
Steamed bun 60 g
Pear 20 g",1
"Rice 100 g
Fried vegetable 400 g",1
Glucose 75 g,1
"Rice 100 g
Vegetable 300 g",1
Dumpling 200 g,1
"Apple 100 g
Red date 20 g
Mangosteen 20 g",1
"Soybean milk 400 ml
Steamed bun 60 g
Pear 80 g",1
Rice 50 g,1
Kiwi fruit 100 g,1
"Milk cereal 400 ml
Steamed bun 50 g",1
"Rice 100 g
Vegetable 400 g",1
"Glutinous rice balls in fermented rice wine 300 ml
Glutinous rice cake 100 g",1
"Rice 100 g
Pork meatball 150 g
Pork rib 100 g
Vegetable 100 g",1
Hot pot with duck blood curd 400 g,1
"Millet porridge 400 ml
Red date  5 g
Pickles 30 g",1
"Spicy pickled noodles 150 g
Egg 50 g",1
"Rice 100 g
Shredded pork with water bamboo and sword bean 150 g",1
"Rice 100 g
Shredded water bamboo 100 g
Yam 50 g
Fish 50 g",1
"Wonton 100 g
Egg 55 g",1
"Rice 75 g
Vegetable 100 g
Stewed minced pork and egg 100 g",1
"Rice 100 g
Lotus root 30 g
Wax gourd 100 g
Pork meatball 75 g",1
Egg pancake 125 g,1
Wonton 80 g,1
"Rice 125 g
Cabbage 75 g
Minced meat with eggplant 100 g",1
Puff pastry 175 g,1
"Rice 75 g
Vegetable and pumpkin 100 g
Fried pork chop 100 g",1
"Coarse grain 100 g
Yam 120 g
Mixed vegetables 100 g",1
Rice in salted soup 175 g,1
Coarse grain in soup 125 g,1
"Vegetable and rice 125 g
Braiesd pork with preserved vegetable and tofu 200 g",1
Egg pancake 120 g,1
"Braised pork in brown sauce  70 g
Shrimp 100 g
Mung bean sprouts 100 g
Rice 75 g",1
"Coarse grain 75 g
Pork rib 50 g
Fried shredded pork with water bamboo 100 g",1
Noodles with pickled vegetable in chili sauce 125 g,1
"Yam 60 g
Cucumber 150 g
Rice 100 g",1
"Rice 125 g
Fish 100 g
Spinach 50 g",1
"Cabbage 100 g
Taro 100 g
Fish 200 g
Rice 100 g",1
"Spicy sauce noodles 150 g
Egg 55 g",1
"Eggplant and yam 100 g
Rice 125 g",1
"Dried bean curd 50 g
Shredded bamboo shoot 200 g
Rice 100 g",1
Pan fried bun 300 g,1
"Pork 100 g
Fish 100 g
Potato 200 g
Rice 100 g",1
"Tofu 50 g
Vegetable 200 g
Rice 100 g",1
Puff pastry 125 g,1
Spicy sauce noodles 150 g,1
"Water bamboo shreds 50 g
Soybean sprouts 200 g
Rice 100 g
Meatball 50 g",1
"Rice 100 g
Fish 50 g
Shrimp 50 g
Leek sprouts 100 g",1
"Wonton 120 g
Egg 50 g",1
Vegetable soup 400 ml,1
Vegetable soup 200 ml,1
Vegetable soup 200 g,1
"Fruit and vegetable pulp 400 g
Apple 77 g
Walnut 50 g
Red date 15 g
Chinese wolfberry 20 g
Carrot 50 g",1
"Egg 50 g
Rice 25 g
Vegetable 100 g
Broth 400 g",1
"Rice 25 g
Vegetable 100 g
Broth 400 g",1
Vegetable soup noodles 25 g,1
"Fish 100 g
Chinese cabbage 80 g
Rice 25 g",1
Vegetable soup and noodles 50 g,1
"Fish 100 g
Vegetable 75 g
Rice 25 g",1
"Fish 100 g
Vegetable 80 g
Rice 25 g",1
Vegetable soup 100 ml,1
Noodles in vegetable soup 50 g,1
"Fruit and vegetable pulp 400 g
Apple 150 g",1
"Fish 300 g
Vegetable 160 g
Rice 25 g",1
Corn noodles in vegetable soup  50 g,1
"Fish 100 g
Vegetable 120 g
Rice 25 g",1
"Radish in pork soup  400 g
Vegetable 100 g
Rice 25 g",1
"Vegetable soup 400 g
Biscuit 15 g",1
"Fish 200 g
Shrimp 100 g
Vegetable 100 g",1
"Vegetable 160 g
Rice 25 g",1
"Cereal milk 150 ml
Coarse grain steamed bread 100 g",1
"Vegetable 200 g
Milk 250 ml
Fruit 200 g",1
Vegetable 80 g,1
"Cereal 50 g
Vegetable 100 g
Steamed corn bread 25 g",1
"Coarse grain Steamed bread of corn 50 g
Porridge 75 g",1
Cereal Vegetable 200 g,1
"Coarse grain steamed bread 100 g
Cereal 150 ml",1
Steamed corn bread 50 g,1
"Sweet potato 100 g
Steamed corn bread 50 g",1
"Cereal 150 ml
Vegetable 100 g",1
"Cereal 150 ml
Coarse grain steamed bread 100 g",1
"Taro 10 g
Bean 100 g",1
"Hot pot 300 g
Vegetable 200 g",1
"Steamed corn bread 100 g
Vegetable 60 g
Millet porridge 100 ml",1
"Steamed corn bread 50 g
Coarse grain pancake 15 g",1
"Cereal 150 ml
Vegetable 200 g",1
"Steamed corn bread 50 g
Coarse grain 80 g",1
Millet porridge 150 ml,1
"Vegetable 100 g
Steamed bun 50 g",1
Bean 60 g,1
"Steamed corn bread 100 g
Vegetable 200 g",1
"Corn 50 g
Chinese chestnuts 40 g",1
Steamed bun 100 g,1
Cereal 50 g,1
"Pan-fried coarse grain pancake 200 g
Millet porridge 150 ml",1
"Pancake 50 g
Porridge 100 ml",1
Coarse grain steamed bread 100 g,1
"Rice 50 g
Dried wheat gluten with pork stuffing 60 g
Water bamboo 40 g
Wax gourd soup 100 ml",1
"Sausage bread 110 g
Corn 100 g
Egg 50 g",1
"Steamed bread 110 g
Sweet potato 130 g
Egg 50 g
Sea cucumber 25 g",1
"Rice 100 g
Minced pork and vegetable 50 g",1
"Rice 100 g
Meatball 50 g
Wax gourd 20 g",1
"Steamed bun 110 g
Sweet potato 150 g
Egg 50 g
Sea cucumber 25 g",1
"Steamed bread 110 g
Sweet potato 120 g
Egg 50 g
Sea cucumber 25 g",1
"Rice 100 g
Pork 30 g
Vegetable 50 g",1
"Rice 75 g
Pork rib 30 g
Shredded potato and sword bean 50 g",1
"Steamed vegetable bun 100 g
Sweet potato 150 g
Egg 50 g
Sea cucumber 25 g",1
"Rice 100 g
Vegetable 50 g
Potato and sword bean 50 g
Roasted goose 75 g",1
Syrup 400 ml,1
"Rice 100 g
Water bamboo 30 g
Meatball 50 g",1
Sweet biscuit 50 g,1
"Steamed bun 100 g
Sweet potato 150 g
Egg 50 g
Sea cucumber 25 g",1
"Lamb chop 100 g
Vegetable 50 g",1
"Noodles 75 g
Poached egg 100 g",1
"Steamed bun 90 g
Sweet potato 80 g
Egg 50 g
Sea cucumber 25 g",1
"Orance juice 250 ml
Chocolate 10 g",1
"Egg fried rice 100 g
Vegetable 50 g",1
"Rice 100 g
Preserved egg 75 g
Pickled vegetable, shredded pork and green soybean 30 g",1
Orange juice 150 ml,1
"Steamed bun 100 g
Egg 50 g
Sea cucumber 25 g
Corn 50 g",1
"Rice 125 g
Yellow croaker 200 g
Vegetable 100 g",1
Orance juice 150 ml,1
"Rice 125 g
Yellow croaker 120 g
Vegetable 75 g",1
"Steamed vegetable bun 100 g
Corn 80 g
Egg 50 g
Sea cucumber 25 g",1
"Rice 150 g
Vegetable 80 g
Meatball 50 g
Fish meatball 50 g
Tofu skin rolls with minced pork 67 g",1
"Rice 120 g
Vegetable 50 g
Tofu skin rolls with minced pork 67 g",1
"Rice 150 g
Pork rib 140 g
Vegetable 75 g
Meatball 30 g
Fish meatball 50 g",1
"Rice 100 g
Pomfret 120 g
Vegetable 50 g
Fish meatball 25 g",1
"Steamed bread 100 g
Egg 50 g
Sea cucumber 25 g",1
"Rice 150 g
Pork chop 125 g
Green soybean,shredded pork and pickle 40 g
Orange 100 g",1
Cake 25 g,1
"Steamed bun 100 g
Corn 50 g
Egg 50 g
Sea cucumber 25 g",1
"Milk 200 ml
Egg 50 g
Buckwheat bread 50 g
Tomato 15 g
Shredded carrot 30 g",1
"Millet  50 g
Vegetable 100 g
Dried bean curd and shredded pork 100 g
Roasted pork 200 g",1
"Rice and millet  100 g
Vegetable 80 g
Dried bean curd and shredded pork 100 g
Roasted pork 200 g",1
"Buckwheat bread 50 g
Fried egg 30 g
Sausage 15 g
Cold shredded carrot in sauce 30 g
Milk coffee 1 cup 250 ml",1
"Rice with millet 100 g
Buckwheat bread 30 g
Fungus and Vegetable 100 g
Red pepper, tofu and shredded pork 100 g
Cinnamon fish 50 g",1
"Buckwheat noodles 100 g
Fungus and vegetable 100 g
Red pepper, tofu and shredded pork 100 g
Cinnamon fish 50 g",1
"Steamed pork bun 50 g
Buckwheat bread 30 g
Boiled egg 50 g
Shredded cucumber 30 g",1
"Coarce grain 100 g
Chinese cabbage and tofu 60 g
Fungus, day lily and pork meatball 100 g
Fish ball 50 g
Mixed fried vegetables 100 g
Pigeon soup 100 g",1
"Coarce grain 100 g
Chinese cabbage and tofu 50 g
Fungus, day lily and pork meatball 40 g
Fish ball 40 g
Mixed fried vegetables 100 g
Vermicelli 30 g
Pigeon soup 100 g",1
"Buckwheat bread 50 g
Egg 50 g
Sausage 15 g
Shredded cucumber 30 g",1
"Coarse grain 100 g
Vegetable 100 g
Bitter gourd 30 g
Scrambled egg with tomato 100 g
Braised pork in brown sauce  20 g",1
"Coarse grain 100 g
Vegetable 100 g
Bitter gourd 30 g
Scrambled egg with tomato 100 g
Braised pork in brown sauce   20 g",1
"Buckwheat bread 50 g
Egg 50 g
Cabbage 30 g
Coffee  250 ml",1
"Buckwheat bread 50 g
Egg 50 g
Steamed leek bun 30 g
Cabbage 20 g",1
"Buckwheat bread 50 g
Steamed leek and egg bun 30 g
Egg 50 g
Cucumber 20 g",1
"Coarse grain 100 g
Braised pork with bamboo shoot 100 g
Fried vegetables 70 g
Chinese cabbage and pigeon soup 100 g",1
"Radish 50 g
Day lily and fungus 60 g
Fried shredded pork and red pepper 100 g
Fried sliced noodles 100 g",1
"Buckwheat bread 50 g
Egg 50 g
Shredded bamboo shoot 30 g
Coffee 100 ml",1
"Coarse grain 100 g
Cucumber 100 g
Bitter gourd 30 g
Radish, fungus, day lily and shredded pork 100 g
Shredded bamboo shoot 30 g
Duck meat 20 g",1
"Coix seed buckwheat rice 100 g
Cucumber 100 g
Bitter gourd 30 g
Radish, fungus, day lily and shredded pork 100 g
Shredded bamboo shoot 30 g
Duck meat 20 g",1
"Coarse grain 100 g
Cucumber 100 g
Bitter gourd 30 g
Radish, fungus, day lily and shredded pork 100 g
Shredded bamboo shoot 30 g
Egg 50 g
Coffee 200 ml",1
"Shepherd's purse and pork stuffed wonton 100 g
Egg soup 100 g",1
"Coarse grain 100 g
Chinese cabbage and red pepper 50 g
Shredded pork 60 g
Braised pork in brown sauce  10 g",1
"Buckwheat pancake 100 g
Egg 50 g
Shredded carrot 30 g
Coffee  250 ml",1
"Buckwheat noodles 100 g
Cauliflower, red pepper and sliced pork 100 g
Fried garlic sprout and shredded potato 90 g",1
"Buckwheat noodles 120 g
Cauliflower, red pepper and sliced pork 100 g
Fried garlic sprout and shredded potato 100 g",1
"Buckwheat pancake 100 g
Egg 50 g
Shredded carrot 30 g",1
"Coarse grain 100 g
Braised pork in brown sauce  30 g
Chicken 30 g
Cauliflower and red pepper 60 g
Shredded carrot 40 g
Fried leek sprout with egg 90 g",1
"Coarse grain 100 g
Chicken 20 g
Cauliflower 60 g
Shredded carrot 50 g",1
"Buckwheat bread 50 g
Egg 50 g
Dried radish 15 g",1
"Coarse grain 100 g
Celery 50 g
Chicken 50 g
Braised pork 40 g
Fried egg with leek  100 g",1
"Steamed bun 50 g
Egg 50 g
Dried radish 15 g
Milk 150 ml",1
"Coarse grain 100 g
Braised pork in brown sauce  20 g
Celery 40 g
Vegetable 70 g
Bitter gourd 30 g
Fried egg with leek sprout  100 g",1
"Coarse grain 100 g
Braised pork in brown sauce  20 g
Celery 40 g
Bitter gourd 30 g
Fish ball 10 g",1
"Rice 120 g
Vegetable 100 g
Chicken 50 g
Almond 20 g",1
"Taro 100 g
Milk 120 g",1
"Steamed pork bun 60 g
Soybean milk 120 g",1
"Leek scrambled egg 100 g
Cuttlefish and bean 100 g
Rice 130 g",1
"Shepherd's purse meatball 260 g
Rice 130 g",1
"Steamed pork bun 60 g
Milk 150 g
Taro 100 g",1
"Chicken 80 g
Pumpkin 40 g
Fish 70 g
Vegetable 80 g
Rice 130 g",1
"Chicken 70 g
Vegetable 120 g
Fish 100 g
Rice 120 g",1
"Vegetable 150 g
Fish 300 g",1
"Vegetable 200 g
Fish 300 g",1
"Steamed pork bun 60 g
Deep-fried dough stick 60 g",1
"Vegetable 100 g
Fish 250 g
Rice 100 g",1
"Vegetable 100 g
Fish 300 g
Rice 100 g",1
"Steamed pork bun 60 g
Steamed vegetable bun 60 g",1
"Vegetable 300 g
Rice 100 g",1
"Fish 200 g
Vegetable 50 g
Rice 50 g",1
Bread 75 g,1
Fried rice noodles 100 g,1
"Vegetable 200 g
Swimming crab 200 g
Rice 100 g",1
"Steamed pork bun 60 g
Milk 180 g",1
"Fish 80 g
Bean 50 g
Chinese cabbage 150 g
Rice 100 g",1
"Chinese cabbage 150 g
Fish 80 g
Rice 100 g",1
Milk 150 g,1
"Vegetable and mushroom 250 g
Pork 70 g
Rice 120 g",1
"Vegetable, chinese cabbage and kelp 220 g
Hairtail  20 g
Liquor saturated shrimp 40 g",1
"Milk 200 g
Taro 50 g",1
"Kelp 50 g
Pork 50 g
Shrimp 50 g
Peanut 20 g
Rice 80 g",1
"Chinese cabbage 100 g
Hairtail  100 g
Rice 100 g",1
"Steamed pork bun 60 g
Taro 30 g
Milk 150 g",1
"Steamed pork bun 60 g
Rice 50 g
Vegetable 100 g
Shrimp 80 g
Boiled duck  50 g",1
"Chinese cabbage fried with shredded pork 200 g
Shrimp 80 g",1
"Steamed pork bun 60 g
Taro 80 g
Milk 180 g",1
"Milk 200 g
Steamed pork bun 60 g
Taro 50 g",1
"Steamed pork bun 60 g 
Milk 180 g",1
Duck and vermicelli 380 g,1
"Fish 100 g
Vegetable 200 g
Rice 120 g",1
Milk 180 g,1
"Chinese chive pockets 280 g
Vegetable and cucumber 100 g
Oats porridge 100 g
Apple 100 g",1
"Pancake 400 g
Egg, mushroom and vegetable 150 g
Millet and sweet potato porridge 100 ml",1
"Milk 250 g
Millet porridge 300g
Pancake 300g
Cucumber 150 g",1
"Rice 200 g
Corn porridge 300 g
Pig feet 50 g
Vegetable 100 g
Milk 200 g",1
"Red wine 80 g
Braised pork in brown sauce  50 g
Vegetable and mushroom 150 g
Rice 200 g
Crab 300 g",1
"Noodles 300 g
Milk 250 g
Dried fruit 50 g
Cucumber 100 g",1
"Chinese chive pockets 79 g
Beef and vermicelli 100 ml",1
"Steamed corn bread 200 g
Sweet potato porridge 200 g
Shrimp 60 g
Vegetable 100 g
Apple 60 g",1
"Milk 250 g
Rice 150 g
Porridge 200 g
Egg 40 g
Pickle 50 g",1
"Rice 150 g
Fish 50 g
Wax gourd 50 g
Dried fruit 50 g",1
"Rice 300 g
Radish and jellyfish 150 g
Bean pod 150 g
Braised chicken feet 16 g
Red wine 100 g",1
"Cereal 50 g
Noodles 200 g
Egg 30 g
Milk 250 g
Taro 100 g",1
"Pancake 300 g
Porridge 300 g",1
"Corn 150 g
Rice 200 g
Vegetable and potato 150 g
Milk 250 g",1
"Steamed pork bun 150 g
Steamed vegetable bun 150 g
Oats porridge 300 g
Pickle 30 g",1
"Steamed sbun 150 g
Porridge 300 g
Duck 150 g
Vegetable 50 g",1
"Rice 250 g
Vegetable 300 g
Milk 100 ml",1
"Red wine 50 g
Rice 50 g
Sauerkraut fish 200 g
Bean sprout 50 g",1
"Soybean milk 300 g
Noodles 200 g
Corn 100 g
Sea cucumber 25 g",1
"Crab 500g
Rice 200 g
Vegetable 150 g",1
"Bread 200 g
Millet porridge 150 g
Cauliflower 150 g",1
"Bread 150 g
Egg 40 g
Milk 250 g
Corn 50 g",1
"Rice 250 g
Vegetable 100 g
Steamed fish 200 g",1
"Duck 50 g
Mutton 50 g
Steamed fish 50 g
Red wine 50 g",1
"Porridge 200 g
Egg 40 g
Vegetable and tofu 200 g",1
"Rice in soup 150 g
Vegetable 200 g
Mutton 50 g",1
"Fried rice 100 g
Porridge 100 g
Vegetable 200 g
Ginseng wine 20 g",1
"Vegetable 200 g
Rice 30 g
Preserved egg 50 g",1
"Fried rice 150 g
Vegetable 200 g
Pork 30 g
Porridge 50 g",1
"Milk 200 g
Biscuit 30 g",1
"Rice 200 g
Pork 50 g
Vegetable 50 g
Cake 20 g",1
"Noodles 200 g
Pigeon 100 g",1
"Milk 250 g
Egg 40 g
Vegetable 300 g",1
"Vegetable 300 g
Rice 50 g
Pork 50 g",1
"Steamed vegetable bun 60 g
Steamed pork bun 60 g",1
"Rice 100 g
Cauliflower 95 g
Medicago polymorpha 100 g
Braised fish in brown sauce 400 g
Fish head and tofu soup 100 ml",1
Apple 158 g,1
"Boiled egg 60 g
Steamed pork dumplings 73 g
Steamed pumpkin bun 62 g
Sugar free coffee and milk 160 ml
Pear 30 g",1
"Sauteed fish 10 g
Sauteed shrimp  20 g
Sweet and sour spare ribs 10 g
Amaranth 6 g
Vegetable soup 80 g
Spinach 50 g
Fried rice 20 g
White fungus soup 50 g
Grape 15 g
Red date 15 g",1
"Rice in soup 140 g
Fermented bean curd 15 g",1
Nut 25 g,1
Pear 120 g,1
"Milk 170 ml
Boiled egg 50 g
Steamed vegetable bun 137 g
Rice cake 68 g",1
"Vegetable and rice 100 g
Pig feet 200 g
Bean sprout 50 g
Pear 50 g",1
Orange 85 g,1
"Scallion oil noodles 100 g
Cauliflower 125 g
Mushroom soup 80 g
Clam and pork 20 g",1
Apple 190 g,1
"Sweet potato soup 434 g
Steamed pork bun 140 g
Boiled egg 40 g",1
"Orange 200 g
Rice crust 30 g",1
"Celery, lily and bean curd 150 g
Salted pig feet 73 g
Radish 180 g
Steamed hairtail  60 g
Sorghum 100 g
Pear 120 g",1
"Rice in soup 150 g
Fermented bean curd 15 g
Salted pig feet 36 g",1
"Sago 115 g
Coconut 70 g
Sweet potato 120 g
Blueberry sauce 14 g
Boiled egg 38 g",1
"Braised bean curd roll 98 g
Sliced boiled pig stomach 22 g
Braised radish 150 g
Hairtail  70 g
Salted pig feet 18 g
Chinese cabbage 120 g
Rice  140 g
Soup 150 g",1
Vegetable and pork stuffed wonton 273 g,1
Pear 112 g,1
"Boiled egg 35 g
Sweet potato 160 g
Steamed vegetable bun 135 g
Steamed pork dumplings 60 g",1
"Rice 135 g
Sliced boiled pig stomach 73 g
Chinese cabbage 100 g
Clam 15 g
Shredded pork and onion 138 g
Potato soup 65 g",1
"Nut 9 g
Apple 220 g",1
Vegetable and pork stuffed wonton 270 g,1
Orange 58 g,1
"Boiled egg 35 g
Corn 180 g
Sweet potato soup 175 g
Shrimp 40 g",1
"Stewed pork with preserved bean curd 52 g
Shrimp 32 g
Radish 116 g
Vegetable soup 370 g
Cauliflower 58 g
Rice 140 g",1
"Beef soup 170 g
Cauliflower 70 g
Celery 50 g
Shrimp 62 g
Stewed pork with preserved bean curd 55 g
Sorghum 105 g",1
"Steamed pork bun 130 g
Steamed sea cucumber with egg 80 g",1
"Rice  120 g
Chinese cabbage 125 g
Pork 50 g
Fish 117 g
Cow tail soup 114 g",1
"Rice in soup 180 g
Salted egg yolk 20 g
Fermented bean curd 12 g",1
"Steamed pork dumplings 75 g
Milk 200 g
Boiled egg 40 g
Steamed pumpkin bun 60 g",1
Apple 240 g,1
"Rice 110 g
Pork 31 g
Cauliflower 66 g
Cow tail soup 158 g
Shrimp 121 g
Radish 180 g",1
Vegetable and pork stuffed wonton 340 g,1
"Peach gum 150 g
Red date 20 g
Boiled egg 48 g
Shrimp 20 g
Steamed pork dumplings 78 g
Steamed vegetable bun 109 g",1
"Rice  104 g
Steamed yellow croaker 161 g
Cauliflower 94 g
Tofu soup 178 g
Steamed bean curd roll  100 g
Celery 74 g",1
Dumpling 280 g,1
"Peach gum 150 g
Red date 23 g
Boiled egg 30 g
Steamed pork dumplings 76 g
Deep-fried dough stick 25 g",1
"Braised radish 186 g
Celery 63 g
Shepherd's purse, minced pork and tofu soup 169 g
Rice  91 g
Fish 176 g
Fried pork rib in ketchup 85 g",1
"Rice in soup 112 g
Salted egg yolk 21 g
Soy-preserved radish 20 g",1
"Steamed sea cucumber with egg 118 g
Deep-fried dough stick 28 g
Steamed vegetable bun 140 g",1
Apple 156 g,1
"Rice 117 g
Chicken feet 35 g
Shrimp  41 g
Celery and carrot  64 g
Pig stomachsoup 172 g
Cucumber 50 g",1
Wonton 168 g,1
"Boiled egg 41 g
Peach gum 148 g
Red date 21 g
Sweet dumpling 50 g",1
"Rice 103 g
Chicken feet 32 g
Vegetable 100 g
Braised radish 103 g
Steamed bean curd roll 52 g
Shrimp  51 g
Nut 25 g
Apple 120 g",1
Pumpkin soup 289 g,1
"Rice in soup 100 g
Salted egg yolk 20 g",1
"Boiled egg 40 g
Steamed vegetable bun 141 g
Peach gum and pumpkin 200 g",1
"Sorghum120 g
Braised water bamboo 123 g
Celery 100 g
Yellow croaker 268 g
Pig skin and vermicelli soup 178 g",1
"Rice in soup 120 g
Salted egg yolk 20 g",1
"Cereal 100 g
Milk 200 ml 
Egg 55 g",1
"Fish soup 100 ml 
Chicken leg 50 g
Rice 100 g",1
"Fish soup 100 ml 
Chicken leg 2 pieces 50 g
Rice 100 g",1
"Oat cereal 100 g
Milk 200 ml 
Egg 50 g",1
"Tofu 110 g
Vegetable 100 g
Fried egg 110 g
Rice 100 g",1
"Tofu 110 g
Vegetable 100 g
Fried egg 110 g
Rice 100 g
Pork 70 g",1
Biscuit 200 g,1
"Coarse grain 100 g
Egg 55 g
Milk 250 ml",1
"Vegetable 120 g
Shredded radish 107g
Clam 80 g
Rice 100 g
Pepino fruit 10 g",1
"Vegetable 120 g
Shredded radish 107g
Clam 80 g
Rice 100 g",1
Vegetable and pork stuffed wonton 200 g,1
"Chinese cabbage and beef 144 g
Rice 100 g",1
"Millet porridge 100 ml
Steamed pork bun 60 g
Egg 55 g
Fermented bean curd 5 g",1
"Braised beef in brown sauce100 g
Mushroom and vegetable 100 g
Pumpkin 50 g",1
"Braised beef in brown sauce 100 g
Mushroom and vegetable 100 g
Pumpkin 50 g",1
"Green pepper and green soybean 100 g
Salted lettuce 80 g
Braised beef 120 g",1
"Milk 200 ml 
Steamed pork bun 60 g
Boiled egg 55 g",1
"Milk 200 ml
Steamed pork bun 60 g
Egg 55 g",1
"Mushroom and cabbage 100 g
Fish meatball 120 g
Shredded pork with pickle and shredded bamboo shoots 100 g
Cow tail soup 100 ml",1
"Millet porridge 100 ml
Egg 55 g
Steamed pork bun 60 g",1
Pork rib noodles,1
"Fried egg with onion 100 g
Steamed fish 120 g",1
Sweet potato 50 g,1
Vegetable soup  100 ml,1
"Millet porridge 100 ml
Steamed vegetable bun 60 g
Egg 55 g",1
"Rice 100 g
Braised potato 100 g
Tofu skin rolls with minced pork 50 g
Fried vegetables 100 g",1
"Vegetable 100 g
Noodles in pig feet soup 130 g",1
"Milk 200 ml
Steamed pork bun 60 g
Steamed vegetable bun 60 g",1
"Steamed pork bun 70 g
Milk 200 ml
Egg 60 g",1
"Chicken nugget with chestnut 150 g
Fish head soup 160 g
Fried vegetable 100 g",1
"Grapefruit 100 g
Sesame pancake 100 g
Coffee with milk 300 g
Sesame and walnut powder 20 g",1
"Orange 10 g
Noodles in bone soup with wax gourd and green soybean 80 g",1
Milk tea 250 ml,1
"Grapefruit 50 g
Mixed nuts mooncake 50 g
Oats porridge 100 ml
Red date 10 g
Fermented bean curd 5 g",1
"Grapefruit 100 g
Bread 100 g
Coffee and milk 250 ml",1
"Kumquat 50 g
Rice 50 g
Mushroom and vegetable 270 g
Sesame and walnut powder 20 g",1
"Melon seed 20 g
Mushroom and vegetable 160 g
Pork stuffed mooncake 60 g
Walnut 10 g",1
"Orange 80 g
Bread 30 g
Pork stuffed mooncake 60 g
Coffee and milk 300 g
Sesame and walnut powder 20 g",1
"Kumquat 50 g
Sliced boiled chicken 50 g
Braised eggplant 100 g
Rice 50 g",1
"Grapefruit 120 g
Steamed rice cake 140 g
Eggplant with minced pork 100 g
Dried fruits and nuts 42 g",1
"Orange 200 g
Bean paste mooncake 50 g
Pork stuffed mooncake 50 g
Coffee and milk 300 g
Sesame and walnut powder 20 g",1
"Orange 65 g
Steamed abalone with shark's fin and fish maw in broth 250 g
Lettuce 60 g
Rice 70 g",1
"Sauerkraut fish 100 g
Millet porridge 100 g",1
"Grapefruit 150 g
Coconut bread 100 g
Sesame and walnut powder 20 g
Coffee and milk 300 g",1
"Steamed bream 200 g
Wax gourd, clam and ham 200 g
Melon seed 50 g",1
"Oats porridge 50 g
Red date 8 g
Pork stuffed mooncake 60 g
Dried fruits and nuts 42 g",1
"Grapefruit 80 g
Egg 56 g
Steamed vegetable bun 50 g
Coffee and milk 300 g 
Sesame and walnut powder 20 g",1
"Braised duck in brown sauce and lettuce 100 g
Potato and green bean 150 g
Braised beef noodles 120 g",1
"Red date and oats porridge 100 g
Pork stuffed mooncake 55 g
Yogurt 100 ml
Walnut 10 g",1
"Apple 200 g
Coconut bread 100 g
Coffee and milk 300 ml",1
"Grapefruit 80 g
Minced pork with egg 180 g
Wax gourd 280 g
Rice 80 g",1
"Minced pork with egg 75 g
Wax gourd 100 g
Bream 50 g
Rice in soup 50 g
Walnut 10 g",1
"Grapefruit 140 g
Bean paste bread 100 g
Coffee and milk 300 g",1
"Wax gourd and bacon 150 g
Onion and beef 180 g
Rice 80 g
Nuts 42 g",1
"Orange 100 g
Yam, red date and coix seed powder 30 g
Puffs 50 g
Yam chips 50 g
Walnut 10 g",1
"Apple 200 g
Bean paste bread 100 g
Coffee and milk 300 g
Sesame and walnut powder 20 g",1
"Sausage and cabbage 400 g
Fish 100 g
Rice 50 g",1
"Orange 200 g
Black fungus, lettuce amd rice cake 100 g
Pineapple cake 25 g",1
"Apple 200 g
Bread 100 g
Coffee and milk 250 g
Melon seed 50 g",1
"Steamed fish 100 g
Cabbage 100 g
Sausage 50 g
Rice 50 g",1
"Lettuce salad 100 g
Vegetable, quinoa and shrimp soup 120 g
Goose liver 40 g
Filet steak 120 g
Bread 50 g",1
"Apple 150 g
Bread 80 g
Coffee and milk 300 g",1
"Beef and onion 50 g
Black fungus an drice cake 100 g
Bean paste mooncake 60 g",1
"Red date, lotus nut and red bean soup 100 ml
Lotus seed paste mooncake 60 g
Walnut 10 g
Melon seed 30 g
Yogurt 100 g",1
"Apple 200 g
Egg 60g
Steamed vegetable bun 80 g
Coffee and milk 300 g",1
"Wax gourd 100 g
Egg 100 g
Sausage and cabbage 80 g
Rice 80 g",1
"Mutton 300 g
Tofu 50 g
Vermicelli 50 g
Cabbage 100 g
Yogurt 100 g",1
"Orange 150 g
Swiss roll cake 100 g
Coffee and milk 300 g
Sesame and walnut powder 20 g",1
"Kiwi 60 g
Broccoli 150 g
Chicken 100 g
Wax gourd 100 g
Rice 70 g",1
"Fish tail 100 g
Amaranth 100 g
Steamed pork bun 100 g
Melon seed 30 g
Yogurt 100 g",1
"Orange 100 g
Cake 80 g
Coffee and milk 300 g",1
"Rice 50 g
Scrambled egg with mushroom 20 g
Fried vegetable 10 g
raised pork with tofu skin knot 10 g",1
"Steamed vegetable bun 50 g
Oats porridge 50 g
Vegetable 5 g
Pork floss 5 g",1
"Noodles 100 g
Brasied pork with egg 100 g
Vegetable 100 g
Laver soup 50 g",1
White fungus soup 50 g,1
"Rice 50 g
Mushroom, pepper and winter bamboo shoot 100 g
Hairtail 50 g
Radish and pork soup 50 g",1
"Egg pancake 70 g
Millet porridge 110 g
Pickled and pork floss 5 g",1
"Rice 150 g
Stir-fried vegetable 100 g
Soup 50 g
Crab 50 g
Ginseng fruit 55 g
White fungus soup 50 g",1
"Rice 100 g
Hairtail 20 g
Crown daisy 40 g
Fried celery with dried bean curd 40 g
Pork soup 100 g",1
"Millet porridge 136 g
Wonton 120 g
Vegetable 44 g",1
"Rice 100 g
Hairtail 43 g
Celery 150 g
Pork soup  100 g",1
"Rice 50 g
Shrimp 29 g
Hairtail 20 g
Radish 46 g
Scrambled egg with green pepper 32 g
Tomato soup 50 g
Egg yolk and bean paste crispy 50 g",1
"Fried wonton 147 g
Millet porridge 20 g",1
"Egg fried rice 200 g
Bean sprout, fish ball and vermicelli soup 200 g",1
"Sugar free coffee 100 ml
Biscuit 8 g",1
"Vegetable and rice 331 g
Hairtail 100 g
Shrimp 44 g",1
"Wonton 119 g
Vegetable and rice 106 g",1
"Vegetable and rice 50 g
Fish head soup 100 g
Crab 260 g",1
White fungus 50 g,1
Dumpling 350 g,1
"Millet porridge 400 g
Egg 55 g",1
"Cauliflower 50 g
Scallion cake 80 g
Bean curd blade 50 g
Shrimp meatball 50 g",1
"Rice 120 g
Vegetable 40 g
Fried vegetable 50 g
Fish soup 80 g
Shrimp 40 g
Orange 50 g
Apple 40 g",1
"Millet porridge 100 g
Steamed vegetable bun 100 g
Egg 55 g",1
"Rice 150 g
Vegetable 210 g
Soup 50 g
Shrimp 40 g
Cake 70 g",1
"Rice 100 g
Pork tripe 50 g
Fried chinese cabbage 100 g
Soup 50 g
Hairtail 20 g",1
Pork stuffed sweet dumpling 80 g,1
"Rice 70 g
Vegetable 50 g
Pork tripe 10 g
Wonton 70 g",1
"Rice 70 g
Fried yellow croaker 70 g
Fried pomfret 100 g
Sword bean 50 g
Shrimp 50 g
Soup 70 g
Orange 50 g",1
"Dumpling 116 g
Millet porridge 20 g",1
"Rice cake 100 g
Soup 100 g
Fish 50 g",1
"Rice 70 g
Fried sliced pork with garlic 50 g
Yellow croaker 20 g
Vegetable 50 g
Tomato and egg soup 50 g
Ginseng fruit 84 g",1
Noodles 110 g,1
"Rice 70 g
Vegetable 100 g
Shrimp 50 g
Mustard 60 g
Cake 10 g",1
"Rice 70 g
Curry fried chicken 70 g
Vegetable 50 g
Cauliflower 70 g",1
"Millet porridge 70 g
Dumpling 70 g",1
"Rice 100 g
Fried cauliflower 100 g
Vegetable 50 g
Fish 50 g
Shrimp 50 g",1
"Rice 70 g
Fried cowpea 50 g
Fried mixed vegetables 70 g
Pork soup 50 g",1
"Steamed pork dumplings  70 g
Oats porridge 50 g
Egg 55 g",1
"Roasted pork 70 g
Crab meat with beancurd 100 g
Preserved egg porridge 70 g
Steamed vermicelli roll 70 g
Watermelon 20 g",1
"Rice 70 g
Pork chop 50 g
Fried mixed vegetables 70 g
Fried cowpea 50 g
Soup 50 g",1
"Millet and oats porridge 100 g
Steamed vermicelli roll 100 g",1
"Rice 100 g
Cauliflower 100 g
Meat dish 70 g
Wonton 50 g",1
"Rice 100 g
Yellow croaker 70 g
Fried cauliflower 70 g",1
"Rice 110 g
Sweet potato 110 g
Hangzhou cabbage 51 g
Water celery and dried bean 67 g
Radish 83 g
Braised fish 83.5 g
Chicken 39 g",1
"Coffee and milk 220 g
Bread 100 g
Egg 57.5 g",1
Pine nut 10 g,1
"Boiled shrimp 35 g
Dumpling 151 g
Fried celery with dried bean 113 g",1
Puff 28 g,1
"Rice 80 g
Shrimp 38 g
Black pepper beef 102 g
Braised beef in brown sauce 160 g
Fried lettuce 64.5 g",1
"Coffee 70 g
Milk 220 g
Pork floss bread 104 g
Boiled egg 51 g",1
"Boiled corn 265 g
Boiled Chinese cabbage 142 g
Braised fish 110 g",1
"Buckwheat rice 90 g
Boiled lettuce 119 g
Fried duck egg 45 g
Braised water bamboo 48 g",1
"Coffee 70 g
Milk 150 g
Bread 108 g
Boiled egg 54 g",1
"Corn 127 g
Boiled cabbage 175 g
Boiled shrimp 56 g
Fried beef with onion 142 g",1
"Corn 94 g
Fried lettuce 150 g
Dried bean 34 g
Braised beef 28 g",1
Sweet potato 34 g,1
"Boiled egg 58 g
Steamed pork dumplings 80 g
Coffee 70 ml
Milk 220 ml",1
"Tossed black fungus in sauce  70 g
Yam 96 g
Beef 29 g",1
"Shredded boiled chicken 35 g 
Cucumber scrambled egg 115 g 
Fried cauliflower 80 g
Sweet potato 96 g",1
"Boiled egg 50 g
Bread 70 g
Coffee 290 ml",1
"Black fungus 60 g
Yam 80 g
Spaghetti 60 g
Beef 20 g",1
Hamburger 150 g,1
"Marinated egg 46 g
Cereal 20 g
Coffee 70 ml
Milk 220ml",1
"Tossed shredded chicken in sauce 66 g
Tossed lettuce in sauce 154 g
Tossed black fungus in sauce 32 g
Tossed yam in sauce 33 g
Beef 10 g",1
"Cucumber 40 g
Scrambled egg 29 g
Cauliflower 42 g
Sweet potato 64 g",1
"Cereal 20 g
Marinated egg 45 g
Coffee 70 ml
Milk 220 ml",1
"Lettuce 115 g
Cucumber scrambled egg 220 g
Black fungus 43 g",1
"Yam 80 g
Marinated egg 40 g
Beef 17 g
Vegetable 130 g",1
"Cereal 20 g
Marinated egg 42 g
Coffee 70 ml
Milk 220 ml",1
"Beef 18 g
Vegetable 150 g
Fried clam with leek 56 g
Steamed bean curd roll 15 g",1
"Yam 120 g
Black fungus 62 g
Celery 54 g",1
"Cereal 20 g
Boiled egg 45 g
Coffee 70 ml
Milk 220 ml",1
"Corn 120 g
Vegetable 103 g
Shrimp 31 g
Cucumber 27 g
Beef 25 g",1
"Crown daisy 60 g
Shredded chicken 30 g
Fried beef with celery 30 g
Cucumber 30 g
Corn 94 g",1
"Beef 29 g
Crown daisy 88 g
Scrambled egg with shrimp 47 g
Red rice 30 g",1
"Red rice 48 g
Spinach 77 g
Scrambled egg 24 g
Fried yellow croaker with leek and mushroom 26 g
Shredded chicken 41 g",1
"Pineapple crisp 43 g
Boiled egg 61 g
Coffee 70 ml
Milk 220 ml",1
"Buckwheat and red rice 36.5 g 
Spinach 77 g 
Yam 85 g 
Shredded chicken 60 g
Cucumber 30 g",1
"Noodles 37 g
Lettuce 92 g
Fried king oyster mushroom with green pepper 49 g",1
"Lettuce 90 g
Shredded chicken 56 g
Corn 136 g",1
"Egg 47 g
Cereal 20 g
Coffee 70 ml
Milk 220 ml",1
"Corn 102 g
Spinach 88 g
Shredded chicken 44 g
Taro 88 g
Tomato and potato soup 124 g",1
Egg roll 30 g,1
Spinach 120 g,1
"Ginger soup 100 ml
Red date stuffed with walnut 15 g
Smoked salmon 100 g
Lotus nut, red bean, poria cocos and orange peel boiled in water 30 g
Kiwi fruit 112 g
Ginger soaked in sugar and vinegar 10 g",1
"Dry-fried pomfret 55 g
Fried mushroom 79 g
Fried chicken slices with onion 105 g
Yogurt 100 ml
Nut 26 g",1
"Dry-fried pomfret 55 g
Shrimp 50 g
Poached egg with minced pork 60 g
Braised water bamboo 60 g
Lettuce and beef meatball soup 100 g",1
"Ginger soup 100 g
Red date stuffed with walnut15 g
Cauliflower fried rice 375 g
Camel milk powder 28 g",1
"Shrimp 44 g
Water bamboo 105 g
Poached egg with minced pork  96 g
Orange 222 g",1
"Fried lettuce, winter bamboo shoots and fungus 100 g
Fried shrimp 50 g
Steamed chicken with mushroom 100 g
Fungus and Chinese cabbage soup 100 g",1
"Ginger soup 100 g
Red date stuffed with walnut 15 g
Beef tendon in soy sauce 150 g
Lotus nut, red bean, poria cocos and orange peel 30 g
Ginger soaked in sugar and vinegar 10 g
Grapefruit 285 g",1
"Fried lettuce, winter bamboo shoots and fungus 100 g
Fried shrimp 50 g
Steamed chicken with mushroom 100 g
Milk and coffee 10 ml",1
"Dry-fried hairtail 60 g
Steamed chicken with mushrooms 100 g
Fried dried beans with leek sprouts 100 g
Radish and pork soup 100 g
Persimmon 50 g",1
"Ginger juice 100 g
Walnuts with date 15 g
Lotus nut, red bean, poria cocos and orange peel 30 g
Dry fried hairtail 72 g
Steamed chicken with mushroom 112 g
Fried dried beans with leek sprouts 78 g
Orange 208 g",1
"Beef 270 g
Sour cream 5 ml
Potato 6 g
Onion and mushroom 15 g",1
"Chicken wing with scallion oil 60 g
Fried shrimp 60 g
Steamed bassa 100 g
Fried vegetables 100 g
Boiled celery 60 g
Wax gourd and pork soup 100 g",1
"Ginger juice 100 g
Walnuts and date 15 g
Egg 100 g
Steamed pork bun 60 g
Soybean milk 395 ml",1
"Chicken wing with scallion oil 81 g
Fried shrimp 71 g
Boiled celery 93 g
Yogurt 135 g
Chia seed and oats 8 g
Dekopon 235 g",1
"Hairy crab 375 g
Fried cabbage 50 g
Tossed eggplant in sauce 70 g
Black fish fillet soup with coriander and preserved egg 100 g",1
"Ginger juice 100 g
Red date stuffed with walnut 15 g
Lotus nut, red bean, poria cocos and orange peel 30 g
Chicken wing 40 g
Fried shredded pork with leek sprouts 100 g
Fried shrimp with broccoli 30 g
Fried sausage with egg 60 g
Dekopon 80 g",1
Walnut 31 g,1
"Tofu skin rolls with minced pork 60 g
Fried shrimp 60 g
Cantonese steamed bassa 60 g
Fried cabbage 100 g
Boiled celery 100 g
Beef and radish soup 100 ml",1
"Ginger juice 100 ml
Red date stuffed with walnut 15 g
Lotus nut, red bean, poria cocos and orange peel 30 g
Fried egg 100 g
Oil immersed tuna 95 g
Orange 100 g",1
"Tofu skin wrap pork 109 g
Fried shrimp 55 g
Boiled celery 93 g
Sugar free milk tea 203 g",1
"Chinese cabbage 145 g
Matsutake 100 g
Beef slices 110 g
Shanghai smoked pomfret 90 g
Sour and spicy lemon chicken feet 115 g
Sugar free milk tea 203 g",1
"Ginger juice 100 ml
Red date stuffed with walnut 15 g
Lotus nut, red bean, poria cocos and orange peel 30 g
Fried eggs 90 g
Oil immersed tuna 95 g
Boiled okra 84 g
Grapefruit 242 g",1
"Chinese cabbage 121 g
Marinated lamb spine 330 g
Smoked pomfret 90 g
Sour and spicy lemon chicken feet 115 g
Yogurt 135 g
Chia seed and oat 8 g
Blueberry 60 g",1
"Matsutaket 50 g
Tomato 50 g
Basa fish in sour soup 100 g
Chicken leg 80 g
Grapefruit 242 g",1
"Ginger soup 100 ml
Red date stuffed with walnut 15 g
Cauliflower fried rice 375 g
Milk 200 ml",1
"Stir-fried black pepper beef with king oyster mushroom120 g
Fried shrimps with egg 100 g
Mapo tofu 100 g
Sauteed cabbage with vinegar sauce 60 g
Tomato and egg soup 100 ml
Milk coffee 200 ml",1
"Bacon roll stuffed with golden needle mushroom  60 g
Roast chicken 60 g
Grilled fish 100 g
Spicy cabbage 70 g
Milk pudding and strawberry jam 60 g",1
Shepherd's purse and pork stuffed wonton 275 g,1
"Grilled filet steack 250 g
Vegetable salad 100 g",1
"Boiled green soybean 60 g
Roast pork 70 g
Beef 70 g
Chicken 60 g
Roast vegetables 200 g",1
"Ginger juice 100 ml
Red date stuffed with walnut 15 g
Lotus nut, red bean, poria cocos and orange peel 30 g
Fried egg 100 g
Oil immersed tuna 95 g
Boiled okra 84 g
Pear 60 g",1
"Broccoli in soup 50 g
Roasted lamb bone stick 150 g",1
"Broccoli in soup 50 g
Shepherd's purse and pork in tofu skin 4",1
"Ginger juice 100 ml
Red date stuffed with walnut 15 g
Salad 150 g",1
"Ginger juice 100 ml
Red date stuffed with walnut 15 g
Lotus nut, red bean, poria coco and orange peel 30 g
Shrimp 50 g
Braised duck wing in brown sauce60 g
Boiled celery 50 g
Fried green pepper and dried bean curd 60 g
Grapefruit 150 g",1
"Hairy crab 315 g
Chinese cabbage, mushroom and beef soup 100 ml
Grapefruit 140 g",1
"Lettuce 90 g
Dried vegetable and pork soup 120 ml
Braised duck wing in brown sauce 100 g
Mushroom and bamboo shoots 100 g
Dry-fried pomfret 100 g",1
"Ginger juice 100 ml
Walnuts and dates 15 g
Lotus nut, red bean, poria coco and orange peel 30 g
Braised duck wing in brown sauce 100 g
Mushroom and bamboo shoots 100 g
Dry-fried pomfret 120 g
Orange 60 g",1
